x,y,z,pid,camid,color
30.180437,3.0193472,,556,4,#B6E880
56.21829,-7.0233064,,540,6,#FECB52
20.160032,8.049086,,558,7,#FF97FF
-6.1961756,21.837053,,518,2,#FF97FF
22.928776,-40.768696,,554,3,#FF6692
29.475815,-48.54692,,532,3,#19D3F3
-32.711246,-9.259423,,600,8,#FECB52
-26.631075,4.432373,,580,3,#FECB52
-17.80395,-42.17687,,524,4,#EF553B
46.920593,22.457123,,556,5,#B6E880
-29.368835,-10.335903,,600,4,#FECB52
-56.683647,16.4699,,526,3,#00CC96
35.994358,55.617256,,530,1,#FFA15A
4.6060405,36.21286,,594,8,#FF6692
-0.36768007,-30.323673,,564,6,#EF553B
60.190308,6.445069,,514,4,#FF6692
-33.86297,9.790527,,580,4,#FECB52
40.438038,-15.527828,,542,7,#636EFA
41.061806,49.399292,,530,6,#FFA15A
11.187327,33.55733,,594,1,#FF6692
3.5788503,-42.023857,,566,4,#00CC96
-4.3419924,17.912758,,518,5,#FF97FF
31.596577,11.868088,,556,3,#B6E880
-39.774113,-9.389538,,600,6,#FECB52
-6.1123385,-8.424087,,582,2,#636EFA
-38.813625,-6.3060017,,600,2,#FECB52
-6.0257034,25.409515,,518,1,#FF97FF
-54.86399,23.387207,,526,1,#00CC96
32.665775,56.619938,,528,2,#AB63FA
-2.6865103,-8.305562,,582,6,#636EFA
54.331444,-9.389372,,540,5,#FECB52
-6.010676,-8.381322,,582,2,#636EFA
22.047482,9.883416,,558,4,#FF97FF
-18.587431,-39.216446,,524,3,#EF553B
11.842194,-48.124046,,566,8,#00CC96
1.9727978,29.800724,,596,6,#B6E880
16.834455,-43.34041,,554,8,#FF6692
34.22487,-51.475483,,532,8,#19D3F3
50.572407,-18.570625,,540,4,#FECB52
-26.569517,4.4922647,,580,3,#FECB52
66.42128,5.7903204,,514,3,#FF6692
8.75167,35.88792,,594,2,#FF6692
-1.6837474,-13.898205,,582,4,#636EFA
-38.74354,23.200539,,572,7,#19D3F3
23.703983,-49.334415,,554,2,#FF6692
-53.352917,11.675268,,570,4,#FFA15A
56.07253,-7.0860333,,540,6,#FECB52
13.415685,39.930454,,594,3,#FF6692
68.76937,11.432905,,514,2,#FF6692
4.4617815,-54.669235,,566,3,#00CC96
4.838998,25.802944,,596,4,#B6E880
28.953453,-39.59878,,502,4,#636EFA
-3.4695754,-63.016697,,516,5,#B6E880
51.8777,12.821841,,540,2,#FECB52
29.91209,-48.48827,,532,3,#19D3F3
-15.844346,17.571154,,510,7,#FFA15A
14.482435,-17.725721,,506,8,#00CC96
-10.085895,76.35917,,560,8,#FECB52
1.3665235,-59.022743,,508,6,#AB63FA
-15.571044,-18.980167,,520,4,#FECB52
-0.8175372,-65.5378,,508,2,#AB63FA
29.961021,-27.861822,,506,1,#00CC96
-23.975887,26.856483,,504,7,#EF553B
-24.40168,19.499184,,512,5,#19D3F3
-51.47751,-4.480712,,588,6,#AB63FA
35.93832,18.667822,,578,5,#FF97FF
22.840403,14.617411,,562,3,#636EFA
43.684418,19.952133,,578,1,#FF97FF
-20.840673,25.439663,,504,3,#EF553B
16.478687,29.054642,,584,1,#EF553B
-26.558071,-55.623863,,522,8,#636EFA
15.916485,-54.19281,,544,5,#EF553B
-4.065363,79.05742,,560,7,#FECB52
-16.610342,-14.299298,,520,2,#FECB52
31.98328,18.058931,,584,5,#EF553B
-17.744234,-16.207489,,520,7,#FECB52
-6.568609,65.87356,,546,7,#00CC96
-25.11809,0.2606577,,550,5,#FFA15A
48.20825,13.597709,,538,2,#FF97FF
26.834578,0.039256793,,552,2,#19D3F3
1.9974835,-65.346886,,508,1,#AB63FA
-62.71634,22.177927,,590,1,#FFA15A
-31.703056,3.3757784,,550,8,#FFA15A
-50.559864,-8.176299,,588,4,#AB63FA
-18.961325,5.662234,,510,4,#FFA15A
48.47598,5.158318,,586,7,#00CC96
-10.020311,33.021076,,536,1,#B6E880
-64.81592,24.680038,,590,8,#FFA15A
-4.513742,70.401436,,592,3,#19D3F3
-57.466396,-4.338823,,588,1,#AB63FA
-32.742653,-43.607037,,576,1,#B6E880
-67.161476,26.108917,,590,4,#FFA15A
44.985184,4.666713,,586,6,#00CC96
35.964542,15.12372,,578,6,#FF97FF
12.58569,-21.889702,,506,7,#00CC96
-51.087593,-1.2077976,,588,8,#AB63FA
-36.34797,-48.489407,,576,6,#B6E880
-7.563321,-12.680867,,522,2,#636EFA
-7.515446,64.106834,,546,8,#00CC96
-57.093033,-8.600551,,588,2,#AB63FA
-23.257214,-15.654362,,520,5,#FECB52
-46.13771,-47.894558,,534,1,#FF6692
19.924583,-5.561791,,578,4,#FF97FF
16.194962,-5.0351906,,548,3,#AB63FA
33.183132,-2.1192882,,552,8,#19D3F3
41.979855,14.790166,,538,8,#FF97FF
-45.625618,-45.21285,,534,5,#FF6692
-9.83248,76.66067,,560,8,#FECB52
-20.024693,28.562918,,504,6,#EF553B
-54.687572,-2.4738133,,588,7,#AB63FA
-9.918788,63.30179,,592,5,#19D3F3
-45.324318,-45.605213,,534,5,#FF6692
-8.890583,66.21651,,546,4,#00CC96
32.735146,-2.4826188,,552,8,#19D3F3
-59.792732,25.057568,,590,2,#FFA15A
36.292263,19.12749,,578,5,#FF97FF
13.964883,8.095913,,584,6,#EF553B
10.668356,-4.0782523,,548,2,#AB63FA
45.18448,0.51653975,,586,5,#00CC96
-38.931046,-49.06125,,576,2,#B6E880
1.8274558,-61.939083,,508,3,#AB63FA
-46.0372,-16.026403,,510,2,#FFA15A
-57.233837,-9.112888,,588,2,#AB63FA
16.6583,-58.22406,,544,8,#EF553B
-11.419356,11.161754,,522,5,#636EFA
-42.420208,-45.73064,,534,7,#FF6692
16.161196,14.2718525,,584,8,#EF553B
33.948856,-7.77305,,548,1,#AB63FA
-43.44131,-51.41098,,534,6,#FF6692
-31.054838,-52.72561,,522,4,#636EFA
-11.765888,35.281155,,536,5,#B6E880
26.893448,0.3217565,,552,2,#19D3F3
-64.49224,24.736362,,590,8,#FFA15A
-41.74149,-54.257042,,534,2,#FF6692
-30.906166,-52.55007,,522,4,#636EFA
-24.5307,0.14170945,,550,5,#FFA15A
2.2744637,-65.707695,,508,1,#AB63FA
-32.390053,-49.82482,,576,4,#B6E880
-5.912109,77.41101,,560,6,#FECB52
51.26294,21.5644,,578,7,#FF97FF
-35.126457,1.9662206,,550,1,#FFA15A
22.103043,21.026176,,562,5,#636EFA
15.764792,-53.849262,,544,5,#EF553B
52.94556,17.010986,,578,2,#FF97FF
-17.321753,60.06822,,574,2,#FF6692
16.072155,14.192178,,584,8,#EF553B
35.928913,15.02468,,578,6,#FF97FF
7.242082,-54.68097,,508,4,#AB63FA
-67.50327,26.13,,590,4,#FFA15A
-47.459152,-12.490045,,510,6,#FFA15A
-21.454388,-19.995737,,520,1,#FECB52
-18.947857,-18.274954,,520,8,#FECB52
-40.347485,-44.15386,,534,4,#FF6692
-22.264448,-54.497173,,522,6,#636EFA
-37.703476,-51.67958,,576,7,#B6E880
-46.84517,-1.7742474,,536,2,#B6E880
48.797146,17.275717,,538,1,#FF97FF
-8.480878,66.38603,,546,4,#00CC96
-43.73028,-43.31594,,534,8,#FF6692
7.069287,-47.60696,,544,7,#EF553B
30.470364,-1.6235363,,552,5,#19D3F3
-14.562091,-34.25697,,542,5,#636EFA
20.196558,7.7930965,,558,7,#FF97FF
31.549883,46.058723,,528,5,#AB63FA
30.518219,3.0661488,,556,4,#B6E880
29.885164,41.415596,,528,1,#AB63FA
2.650027,-31.689358,,564,4,#EF553B
16.534447,0.178519,,558,3,#FF97FF
36.013256,10.550872,,556,8,#B6E880
8.505713,36.037956,,594,2,#FF6692
17.775772,8.789421,,558,6,#FF97FF
23.985006,-48.976997,,554,2,#FF6692
-56.587357,16.773777,,526,3,#00CC96
35.338478,-42.8264,,532,2,#19D3F3
-34.16953,9.367953,,580,4,#FECB52
-57.818443,11.967803,,570,7,#FFA15A
7.937652,-41.229866,,568,6,#AB63FA
4.138883,35.87721,,594,8,#FF6692
31.618174,7.219002,,556,6,#B6E880
-36.85746,-12.260142,,600,3,#FECB52
33.310738,-33.774292,,502,2,#636EFA
-37.69636,26.182688,,572,8,#19D3F3
-2.6451082,-29.640188,,564,7,#EF553B
-4.367194,17.969128,,518,5,#FF97FF
32.653107,-39.877357,,502,7,#636EFA
-32.532066,6.985566,,580,8,#FECB52
-6.085201,25.409462,,518,1,#FF97FF
26.871412,-35.907856,,502,3,#636EFA
31.256594,12.181556,,556,3,#B6E880
-19.213526,-30.74116,,524,2,#EF553B
-54.359627,23.17987,,526,1,#00CC96
-57.835186,21.806517,,526,5,#00CC96
-18.263361,-33.723812,,524,6,#EF553B
38.14553,-22.324734,,540,8,#FECB52
39.34425,55.342556,,530,2,#FFA15A
39.24973,-50.31062,,532,1,#19D3F3
50.82334,-18.872107,,540,4,#FECB52
34.47167,-51.89301,,532,8,#19D3F3
14.277291,-43.995327,,554,5,#FF6692
20.414509,17.657492,,558,8,#FF97FF
-1.2162285,55.129852,,598,2,#FF97FF
-5.468825,-33.96998,,568,1,#AB63FA
65.98435,5.8845353,,514,3,#FF6692
64.17696,11.769773,,514,7,#FF6692
35.711395,-38.139492,,502,5,#636EFA
54.507298,-12.835495,,540,3,#FECB52
35.007233,-42.491665,,532,2,#19D3F3
5.3675256,-28.905716,,564,5,#EF553B
68.473206,11.037203,,514,2,#FF6692
-41.200127,-5.200339,,600,1,#FECB52
-35.94785,20.24098,,572,2,#19D3F3
-40.613773,27.80821,,572,6,#19D3F3
-3.4903822,53.501472,,598,7,#FF97FF
-30.415157,10.668793,,580,6,#FECB52
-53.74217,15.672418,,570,5,#FFA15A
30.454388,-1.8726728,,552,5,#19D3F3
7.1585307,-9.562918,,548,7,#AB63FA
-45.4962,-44.964546,,534,5,#FF6692
-8.355347,65.70494,,546,4,#00CC96
-35.98827,-0.19623397,,550,2,#FFA15A
-46.822548,-1.9273955,,536,2,#B6E880
-61.4492,28.091726,,590,6,#FFA15A
-40.37993,-44.46473,,534,4,#FF6692
-23.362612,-15.626013,,520,5,#FECB52
26.118656,-6.0013185,,552,4,#19D3F3
11.116077,-4.211505,,548,2,#AB63FA
-22.193783,63.99362,,574,8,#FF6692
-67.258026,26.221548,,590,4,#FFA15A
45.127476,4.412423,,586,6,#00CC96
-1.7727058,63.205055,,592,7,#19D3F3
-51.194492,-1.5797695,,588,8,#AB63FA
-24.103722,8.441794,,510,1,#FFA15A
-57.64856,-4.344023,,588,1,#AB63FA
-32.736935,-43.665413,,576,1,#B6E880
15.27693,-20.958817,,506,6,#00CC96
51.47076,21.217407,,578,7,#FF97FF
-3.167957,-68.0274,,508,8,#AB63FA
-5.5648274,77.33869,,560,6,#FECB52
1.958824,-65.33399,,508,1,#AB63FA
25.461294,-1.5720623,,552,6,#19D3F3
22.200844,23.135185,,562,1,#636EFA
33.74926,15.679079,,578,3,#FF97FF
-35.574375,2.2320611,,550,1,#FFA15A
-25.850557,26.295086,,504,8,#EF553B
-11.785522,35.271458,,536,5,#B6E880
-31.532627,-52.896397,,522,4,#636EFA
-43.525715,-51.178375,,534,6,#FF6692
-16.448105,-14.199466,,520,2,#FECB52
-53.833763,-4.231566,,588,5,#AB63FA
-3.9415324,66.6604,,546,2,#00CC96
-42.970936,-45.631527,,534,7,#FF6692
-26.52116,-55.708878,,522,8,#636EFA
16.024529,-54.187588,,544,5,#EF553B
-29.877712,-3.2765028,,550,7,#FFA15A
-22.549246,-54.3813,,522,6,#636EFA
45.091873,-4.239272,,586,1,#00CC96
-22.699692,17.250803,,512,1,#19D3F3
45.33994,0.16387253,,586,5,#00CC96
11.544602,-17.277605,,506,4,#00CC96
36.35208,18.728945,,578,5,#FF97FF
-22.226675,63.892014,,574,8,#FF6692
-59.41079,25.188139,,590,2,#FFA15A
-0.7678875,-65.44458,,508,2,#AB63FA
41.86609,14.60032,,538,8,#FF97FF
-18.776075,65.264114,,574,4,#FF6692
10.7293,7.97757,,584,7,#EF553B
-37.4855,-52.311855,,576,7,#B6E880
1.4332693,-58.899746,,508,6,#AB63FA
-53.66033,15.42895,,570,5,#FFA15A
-50.799355,15.396409,,570,8,#FFA15A
-37.66958,-9.404237,,600,5,#FECB52
5.680592,38.951466,,594,7,#FF6692
2.1168716,-31.94668,,564,4,#EF553B
13.210774,40.142735,,594,3,#FF6692
-20.881725,-4.3985357,,582,1,#636EFA
-52.32605,18.680767,,570,1,#FFA15A
6.097555,-43.55433,,568,5,#AB63FA
9.900346,38.319,,594,6,#FF6692
36.44352,55.542873,,530,1,#FFA15A
1.0293604,-47.433857,,566,6,#00CC96
-53.51252,11.563201,,570,4,#FFA15A
36.627567,50.198196,,530,5,#FFA15A
66.158485,5.714717,,514,3,#FF6692
36.05867,10.254821,,556,8,#B6E880
16.822704,-43.372578,,554,8,#FF6692
19.015305,20.199377,,558,5,#FF97FF
33.931984,-51.56943,,532,8,#19D3F3
-15.687417,-30.914814,,524,7,#EF553B
39.43295,-50.446182,,532,1,#19D3F3
-18.234915,-39.250813,,524,3,#EF553B
18.22439,-39.920315,,554,1,#FF6692
33.709705,50.977062,,528,6,#AB63FA
-57.877968,21.65003,,526,5,#00CC96
22.064001,9.885751,,558,4,#FF97FF
43.597267,-13.578957,,542,2,#636EFA
-32.20749,6.7206078,,580,8,#FECB52
31.653576,12.0148325,,556,3,#B6E880
54.502426,-9.668278,,540,5,#FECB52
26.737572,-35.762108,,502,3,#636EFA
-6.89236,17.674072,,514,1,#FF6692
-31.518915,13.616297,,580,5,#FECB52
-59.912224,11.7588415,,570,6,#FFA15A
-1.976626,-60.079113,,516,6,#B6E880
-37.80288,26.394146,,572,8,#19D3F3
33.331196,-34.031025,,502,2,#636EFA
11.192084,33.523415,,594,1,#FF6692
34.140255,-51.969242,,532,8,#19D3F3
11.207396,43.17605,,594,5,#FF6692
8.2890625,-41.239803,,568,6,#AB63FA
-34.21717,10.001277,,580,4,#FECB52
18.32103,-40.216797,,554,1,#FF6692
35.03653,-42.82698,,532,2,#19D3F3
24.020664,-49.233147,,554,2,#FF6692
-3.6983306,27.639868,,596,1,#B6E880
35.395687,53.878296,,530,8,#FFA15A
33.714306,47.881466,,528,4,#AB63FA
47.041153,22.79292,,556,5,#B6E880
-14.718562,9.465404,,542,1,#636EFA
-3.2264855,53.168842,,598,7,#FF97FF
30.356976,3.253534,,556,4,#B6E880
31.526392,45.957478,,528,5,#AB63FA
4.621589,-54.549015,,566,3,#00CC96
68.54939,11.547262,,514,2,#FF6692
2.242313,-31.692774,,564,4,#EF553B
-32.750248,-8.994749,,600,8,#FECB52
3.6484346,-45.152832,,566,7,#00CC96
-2.423076,20.778046,,518,6,#FF97FF
-50.65006,15.684524,,570,8,#FFA15A
-27.135916,13.605282,,580,2,#FECB52
-6.1225376,22.028582,,518,2,#FF97FF
-8.477104,-60.47071,,516,1,#B6E880
-41.492752,-4.855492,,600,1,#FECB52
-52.9863,11.329632,,570,4,#FFA15A
1.1829143,-47.219574,,566,6,#00CC96
6.299032,-43.763393,,568,5,#AB63FA
0.038640164,-27.58087,,564,8,#EF553B
-1.4598368,54.654556,,598,2,#FF97FF
0.81400764,17.694159,,518,3,#FF97FF
35.061016,53.330334,,530,8,#FFA15A
32.34245,53.19731,,528,7,#AB63FA
37.384956,-50.66934,,532,5,#19D3F3
33.750298,-33.686127,,502,2,#636EFA
40.886417,49.22337,,530,6,#FFA15A
18.028324,-40.128616,,554,1,#FF6692
31.71362,49.103832,,528,3,#AB63FA
-36.267895,6.2198563,,580,1,#FECB52
29.510101,6.75881,,556,7,#B6E880
54.185726,-9.5443945,,540,5,#FECB52
48.767433,-10.424583,,540,1,#FECB52
-1.6802632,-60.355045,,516,6,#B6E880
-54.424477,23.3793,,526,1,#00CC96
-7.003861,17.821684,,514,1,#FF6692
-38.520107,-5.6688643,,600,2,#FECB52
-1.847916,-60.462814,,516,6,#B6E880
-2.840956,-29.632751,,564,7,#EF553B
63.91041,5.394128,,514,5,#FF6692
-32.80811,6.4562244,,580,8,#FECB52
-1.3753208,-32.368763,,564,2,#EF553B
-9.135197,56.36923,,598,1,#FF97FF
-36.708275,-12.416198,,600,3,#FECB52
41.095848,26.188137,,596,2,#B6E880
11.966059,-47.68037,,566,8,#00CC96
39.394268,-49.918842,,532,1,#19D3F3
4.173165,36.08,,594,8,#FF6692
11.195372,43.038914,,594,5,#FF6692
35.90545,55.72887,,530,1,#FFA15A
4.501129,28.494991,,596,8,#B6E880
54.378777,-12.711089,,540,3,#FECB52
-1.2955579,54.977745,,598,2,#FF97FF
36.399876,50.36858,,530,5,#FFA15A
-0.43386897,-50.437435,,566,2,#00CC96
-19.905643,-35.893803,,524,1,#EF553B
29.565346,-48.103046,,532,3,#19D3F3
22.843987,-40.822964,,554,3,#FF6692
42.739277,50.943226,,530,4,#FFA15A
-17.015957,-36.83679,,524,5,#EF553B
34.503433,-48.50491,,532,7,#19D3F3
-31.19407,0.027812455,,550,6,#FFA15A
-43.781944,-42.880035,,534,8,#FF6692
33.120415,-2.4750338,,552,8,#19D3F3
-53.92158,2.3368053,,536,6,#B6E880
37.99014,-4.0617085,,552,1,#19D3F3
-46.151573,-47.908466,,534,1,#FF6692
26.351814,-5.655509,,552,4,#19D3F3
-18.892956,-18.282822,,520,8,#FECB52
-21.113287,56.382275,,574,1,#FF6692
11.891183,-17.274818,,506,4,#00CC96
-8.058305,-44.637455,,544,2,#EF553B
-51.458836,-1.1812321,,588,8,#AB63FA
-20.298529,6.9605894,,510,8,#FFA15A
-21.10383,10.522883,,510,5,#FFA15A
27.733173,-3.356415,,552,3,#19D3F3
-17.03789,-13.893803,,520,2,#FECB52
-8.384344,78.16471,,560,3,#FECB52
-57.495808,-4.6615562,,588,1,#AB63FA
-24.312222,8.632907,,510,1,#FFA15A
-64.57412,22.076797,,590,5,#FFA15A
-22.170977,21.234121,,504,5,#EF553B
51.08424,21.163778,,578,7,#FF97FF
15.166397,-21.182549,,506,6,#00CC96
-6.3722434,65.329475,,546,7,#00CC96
-43.752254,-51.520275,,534,6,#FF6692
-14.885673,28.906492,,512,3,#19D3F3
-20.697392,19.411219,,504,1,#EF553B
-32.143158,-49.558815,,576,4,#B6E880
-50.58118,-8.708595,,588,4,#AB63FA
-25.20015,0.41760388,,550,5,#FFA15A
-6.823644,65.71153,,546,7,#00CC96
-17.8882,-15.838514,,520,7,#FECB52
-3.6497374,66.64835,,546,2,#00CC96
-16.832067,-13.619587,,520,2,#FECB52
16.612486,-58.282246,,544,8,#EF553B
39.870094,2.3070538,,586,2,#00CC96
52.682785,16.88936,,578,2,#FF97FF
-42.739887,-45.686794,,534,7,#FF6692
45.024246,-4.342419,,586,1,#00CC96
-46.02692,-15.942687,,510,2,#FFA15A
-57.310646,-9.069008,,588,2,#AB63FA
41.28496,17.95655,,578,8,#FF97FF
13.838027,8.317315,,584,6,#EF553B
-63.023495,27.603119,,590,7,#FFA15A
45.304264,0.3090289,,586,5,#00CC96
-31.354523,-0.22275254,,550,6,#FFA15A
-29.301786,-54.66309,,522,7,#636EFA
-31.417685,-47.84265,,576,3,#B6E880
-7.442185,76.13092,,560,5,#FECB52
-37.234005,-51.590763,,576,7,#B6E880
10.910849,8.061977,,584,7,#EF553B
-19.142984,65.305275,,574,4,#FF6692
37.266518,-35.940372,,502,1,#636EFA
37.272648,-35.929478,,502,1,#636EFA
37.271614,-35.929256,,502,1,#636EFA
37.25546,-35.9529,,502,1,#636EFA
37.27539,-35.92783,,502,1,#636EFA
37.272198,-35.92928,,502,1,#636EFA
33.545296,-34.291763,,502,2,#636EFA
33.569885,-34.139343,,502,2,#636EFA
33.35231,-34.015076,,502,2,#636EFA
33.3005,-33.871593,,502,2,#636EFA
33.80285,-33.851254,,502,2,#636EFA
33.750298,-33.686127,,502,2,#636EFA
33.565216,-33.574482,,502,2,#636EFA
26.840717,-35.856617,,502,3,#636EFA
26.74171,-35.74831,,502,3,#636EFA
26.74839,-35.753517,,502,3,#636EFA
26.738077,-35.762756,,502,3,#636EFA
26.727509,-35.81829,,502,3,#636EFA
26.691526,-35.81794,,502,3,#636EFA
28.952023,-39.71959,,502,4,#636EFA
28.934671,-39.632618,,502,4,#636EFA
28.963732,-39.620087,,502,4,#636EFA
28.980417,-39.60507,,502,4,#636EFA
28.951328,-39.650932,,502,4,#636EFA
28.951708,-39.62334,,502,4,#636EFA
35.703625,-38.0966,,502,5,#636EFA
35.689877,-38.137627,,502,5,#636EFA
35.68295,-38.121864,,502,5,#636EFA
35.689247,-38.146545,,502,5,#636EFA
35.72343,-38.112114,,502,5,#636EFA
35.69641,-38.1209,,502,5,#636EFA
30.981884,-37.833538,,502,6,#636EFA
30.959873,-37.776535,,502,6,#636EFA
31.009592,-37.77356,,502,6,#636EFA
31.021654,-37.82552,,502,6,#636EFA
31.018871,-37.796913,,502,6,#636EFA
31.013336,-37.76621,,502,6,#636EFA
31.04816,-37.8262,,502,6,#636EFA
32.661148,-39.940666,,502,7,#636EFA
32.67937,-39.907127,,502,7,#636EFA
32.690804,-39.927826,,502,7,#636EFA
32.687126,-39.906265,,502,7,#636EFA
32.651867,-39.93647,,502,7,#636EFA
32.656452,-39.95191,,502,7,#636EFA
29.185274,-41.491158,,502,8,#636EFA
29.175035,-41.3915,,502,8,#636EFA
29.163874,-41.459915,,502,8,#636EFA
29.181772,-41.444984,,502,8,#636EFA
29.194345,-41.47708,,502,8,#636EFA
29.181744,-41.476395,,502,8,#636EFA
-20.575834,19.293295,,504,1,#EF553B
-20.638132,19.372902,,504,1,#EF553B
-20.622686,19.354748,,504,1,#EF553B
-20.624979,19.358152,,504,1,#EF553B
-20.608948,19.35,,504,1,#EF553B
-20.552553,19.412952,,504,1,#EF553B
-18.843208,22.190474,,504,2,#EF553B
-18.851957,22.150457,,504,2,#EF553B
-18.859182,22.168976,,504,2,#EF553B
-18.907354,22.166294,,504,2,#EF553B
-18.912037,22.203434,,504,2,#EF553B
-18.871521,22.22183,,504,2,#EF553B
-18.887535,22.180832,,504,2,#EF553B
-20.910149,25.434465,,504,3,#EF553B
-20.904774,25.427431,,504,3,#EF553B
-20.847057,25.41301,,504,3,#EF553B
-20.840673,25.439663,,504,3,#EF553B
-20.819138,25.417915,,504,3,#EF553B
-20.83893,25.415436,,504,3,#EF553B
-22.1758,21.23964,,504,5,#EF553B
-22.233576,21.273603,,504,5,#EF553B
-22.193312,21.277975,,504,5,#EF553B
-22.1722,21.2426,,504,5,#EF553B
-22.249603,21.246082,,504,5,#EF553B
-22.21257,21.257685,,504,5,#EF553B
-20.179062,28.460247,,504,6,#EF553B
-20.021729,28.579086,,504,6,#EF553B
-20.046488,28.546917,,504,6,#EF553B
-20.050888,28.538225,,504,6,#EF553B
-20.04168,28.545351,,504,6,#EF553B
-20.05536,28.525337,,504,6,#EF553B
-24.252134,26.99087,,504,7,#EF553B
-23.98937,27.056124,,504,7,#EF553B
-24.081928,27.039026,,504,7,#EF553B
-23.962805,26.853586,,504,7,#EF553B
-23.963985,26.76861,,504,7,#EF553B
-23.959818,26.804796,,504,7,#EF553B
-24.145351,27.134098,,504,7,#EF553B
-25.827095,26.386868,,504,8,#EF553B
-25.89281,26.352411,,504,8,#EF553B
-25.802675,26.404125,,504,8,#EF553B
-25.856256,26.340563,,504,8,#EF553B
-25.83871,26.314594,,504,8,#EF553B
-25.820486,26.354874,,504,8,#EF553B
29.966715,-27.878897,,506,1,#00CC96
29.96434,-27.858545,,506,1,#00CC96
29.96193,-27.862001,,506,1,#00CC96
29.945707,-27.891947,,506,1,#00CC96
29.956009,-27.845625,,506,1,#00CC96
29.963602,-27.866985,,506,1,#00CC96
13.318341,-25.788168,,506,2,#00CC96
13.321646,-25.797932,,506,2,#00CC96
13.3214655,-25.807066,,506,2,#00CC96
13.324098,-25.797232,,506,2,#00CC96
13.330774,-25.788786,,506,2,#00CC96
13.329329,-25.77235,,506,2,#00CC96
12.391699,-19.223583,,506,3,#00CC96
12.412221,-19.215174,,506,3,#00CC96
12.403358,-19.218763,,506,3,#00CC96
12.351008,-19.207935,,506,3,#00CC96
12.308518,-19.182219,,506,3,#00CC96
12.356347,-19.217117,,506,3,#00CC96
12.336623,-19.211885,,506,3,#00CC96
11.543949,-17.259315,,506,4,#00CC96
11.563678,-17.37455,,506,4,#00CC96
11.700384,-17.386208,,506,4,#00CC96
11.838106,-17.202961,,506,4,#00CC96
11.9722805,-17.251041,,506,4,#00CC96
11.999831,-17.27543,,506,4,#00CC96
7.4457054,-13.2273655,,506,5,#00CC96
7.44794,-13.23104,,506,5,#00CC96
7.422874,-13.219902,,506,5,#00CC96
7.424386,-13.218059,,506,5,#00CC96
7.4240017,-13.22068,,506,5,#00CC96
7.416531,-13.219975,,506,5,#00CC96
15.208099,-21.167238,,506,6,#00CC96
15.23697,-21.081429,,506,6,#00CC96
15.267586,-20.989767,,506,6,#00CC96
15.325752,-20.965693,,506,6,#00CC96
15.30225,-21.020355,,506,6,#00CC96
15.421343,-21.189568,,506,6,#00CC96
12.594844,-22.011112,,506,7,#00CC96
12.567434,-21.930033,,506,7,#00CC96
12.677607,-21.996216,,506,7,#00CC96
12.803687,-21.946783,,506,7,#00CC96
12.852973,-21.849255,,506,7,#00CC96
12.829942,-22.013933,,506,7,#00CC96
12.910523,-22.010633,,506,7,#00CC96
14.549477,-17.681253,,506,8,#00CC96
14.507724,-17.678795,,506,8,#00CC96
14.509921,-17.699438,,506,8,#00CC96
14.521912,-17.670195,,506,8,#00CC96
14.494035,-17.619947,,506,8,#00CC96
14.53372,-17.55735,,506,8,#00CC96
1.9485216,-65.3236,,508,1,#AB63FA
2.0117612,-65.392845,,508,1,#AB63FA
1.8923229,-65.61993,,508,1,#AB63FA
2.2692106,-65.65969,,508,1,#AB63FA
2.24762,-65.76256,,508,1,#AB63FA
2.065221,-65.82513,,508,1,#AB63FA
-0.7936398,-65.4943,,508,2,#AB63FA
-0.7680997,-65.44372,,508,2,#AB63FA
-0.7878204,-65.55964,,508,2,#AB63FA
-0.96713793,-65.574265,,508,2,#AB63FA
-0.8535552,-65.30002,,508,2,#AB63FA
-0.9498293,-65.320175,,508,2,#AB63FA
1.8280737,-61.9385,,508,3,#AB63FA
1.7571006,-61.937042,,508,3,#AB63FA
1.788919,-61.838978,,508,3,#AB63FA
1.9847348,-61.79931,,508,3,#AB63FA
2.0084653,-61.746284,,508,3,#AB63FA
1.9950987,-61.7453,,508,3,#AB63FA
2.032174,-61.774097,,508,3,#AB63FA
7.2120323,-54.72011,,508,4,#AB63FA
7.266803,-54.624443,,508,4,#AB63FA
7.226573,-54.71982,,508,4,#AB63FA
7.31021,-54.613045,,508,4,#AB63FA
7.3434434,-54.62058,,508,4,#AB63FA
7.305244,-54.65545,,508,4,#AB63FA
1.623683,-68.28051,,508,5,#AB63FA
1.6339352,-68.2954,,508,5,#AB63FA
1.6407887,-68.30144,,508,5,#AB63FA
1.656975,-68.300415,,508,5,#AB63FA
1.6485678,-68.31083,,508,5,#AB63FA
1.643071,-68.31812,,508,5,#AB63FA
1.3639607,-59.01635,,508,6,#AB63FA
1.4326771,-58.89966,,508,6,#AB63FA
1.4174635,-58.87811,,508,6,#AB63FA
1.4199933,-58.863834,,508,6,#AB63FA
1.4478353,-58.796913,,508,6,#AB63FA
1.6159853,-59.021034,,508,6,#AB63FA
-4.655889,-67.31819,,508,7,#AB63FA
-4.7294126,-67.38023,,508,7,#AB63FA
-4.8046556,-67.375404,,508,7,#AB63FA
-4.7800927,-67.4045,,508,7,#AB63FA
-4.855638,-67.41184,,508,7,#AB63FA
-4.746224,-67.4357,,508,7,#AB63FA
-4.7978864,-67.4353,,508,7,#AB63FA
-3.1893992,-67.94603,,508,8,#AB63FA
-3.1658685,-67.97849,,508,8,#AB63FA
-3.1720893,-68.04694,,508,8,#AB63FA
-3.1098669,-67.928085,,508,8,#AB63FA
-3.1644013,-67.98023,,508,8,#AB63FA
-3.1360135,-67.93464,,508,8,#AB63FA
-24.060785,8.497562,,510,1,#FFA15A
-24.116066,8.467541,,510,1,#FFA15A
-24.232313,8.611875,,510,1,#FFA15A
-24.309431,8.621539,,510,1,#FFA15A
-24.236055,8.988376,,510,1,#FFA15A
-24.248356,8.894842,,510,1,#FFA15A
-46.016613,-15.773374,,510,2,#FFA15A
-46.03027,-15.896499,,510,2,#FFA15A
-46.029617,-15.898396,,510,2,#FFA15A
-46.07384,-15.96167,,510,2,#FFA15A
-46.03374,-16.080315,,510,2,#FFA15A
-46.064644,-16.092247,,510,2,#FFA15A
-44.59195,-10.306803,,510,3,#FFA15A
-44.631992,-10.320309,,510,3,#FFA15A
-44.585667,-10.307841,,510,3,#FFA15A
-44.625355,-10.3225565,,510,3,#FFA15A
-44.65733,-10.340932,,510,3,#FFA15A
-44.691036,-10.329324,,510,3,#FFA15A
-44.68564,-10.333718,,510,3,#FFA15A
-18.827343,5.6434255,,510,4,#FFA15A
-19.008774,5.7195563,,510,4,#FFA15A
-18.950552,5.686214,,510,4,#FFA15A
-18.917477,5.6247406,,510,4,#FFA15A
-18.858706,5.6318407,,510,4,#FFA15A
-18.727608,5.554505,,510,4,#FFA15A
-21.188627,10.402779,,510,5,#FFA15A
-21.171312,10.43369,,510,5,#FFA15A
-21.124098,10.467302,,510,5,#FFA15A
-21.07932,10.522663,,510,5,#FFA15A
-21.096792,10.522971,,510,5,#FFA15A
-21.152655,10.49519,,510,5,#FFA15A
-47.472057,-12.467079,,510,6,#FFA15A
-47.46619,-12.479906,,510,6,#FFA15A
-47.465458,-12.466473,,510,6,#FFA15A
-47.446102,-12.509837,,510,6,#FFA15A
-47.46341,-12.506023,,510,6,#FFA15A
-47.4564,-12.500952,,510,6,#FFA15A
-15.928176,17.831715,,510,7,#FFA15A
-15.923025,17.841827,,510,7,#FFA15A
-15.932754,17.755217,,510,7,#FFA15A
-15.933904,17.65558,,510,7,#FFA15A
-15.842766,17.523727,,510,7,#FFA15A
-15.692401,17.461708,,510,7,#FFA15A
-15.637625,17.475136,,510,7,#FFA15A
-20.275192,6.9337215,,510,8,#FFA15A
-20.20993,6.8810735,,510,8,#FFA15A
-20.328497,6.9802303,,510,8,#FFA15A
-20.315819,6.963781,,510,8,#FFA15A
-20.274458,6.738229,,510,8,#FFA15A
-20.244778,6.766838,,510,8,#FFA15A
-22.663803,17.697187,,512,1,#19D3F3
-22.679081,17.47606,,512,1,#19D3F3
-22.651922,17.610636,,512,1,#19D3F3
-22.712173,17.17286,,512,1,#19D3F3
-22.642727,17.184805,,512,1,#19D3F3
-22.593836,17.115625,,512,1,#19D3F3
-14.871566,28.921528,,512,3,#19D3F3
-14.877186,28.915195,,512,3,#19D3F3
-14.881604,28.907614,,512,3,#19D3F3
-14.884206,28.916443,,512,3,#19D3F3
-14.86317,28.929922,,512,3,#19D3F3
-14.869402,28.92262,,512,3,#19D3F3
-24.60185,19.719044,,512,5,#19D3F3
-24.404453,19.636044,,512,5,#19D3F3
-24.34615,19.571575,,512,5,#19D3F3
-24.394377,19.473778,,512,5,#19D3F3
-24.434889,19.453281,,512,5,#19D3F3
-24.554615,19.232262,,512,5,#19D3F3
-24.49309,19.197485,,512,5,#19D3F3
-24.605394,24.346922,,512,6,#19D3F3
-24.648455,24.322573,,512,6,#19D3F3
-24.639097,24.359097,,512,6,#19D3F3
-24.629927,24.360863,,512,6,#19D3F3
-24.627691,24.35195,,512,6,#19D3F3
-24.61706,24.34096,,512,6,#19D3F3
-6.991933,17.772615,,514,1,#FF6692
-7.093461,17.73866,,514,1,#FF6692
-6.891885,17.676708,,514,1,#FF6692
-7.050746,17.663033,,514,1,#FF6692
-7.0803823,17.671988,,514,1,#FF6692
-7.258491,17.615835,,514,1,#FF6692
68.474266,11.008906,,514,2,#FF6692
68.705055,11.306573,,514,2,#FF6692
68.79434,11.365744,,514,2,#FF6692
68.71923,11.337613,,514,2,#FF6692
68.54365,11.467296,,514,2,#FF6692
68.57998,11.545129,,514,2,#FF6692
66.42128,5.7903204,,514,3,#FF6692
66.120766,5.707591,,514,3,#FF6692
65.9661,6.030943,,514,3,#FF6692
66.17531,6.1846223,,514,3,#FF6692
66.135956,6.2076116,,514,3,#FF6692
66.36044,6.294465,,514,3,#FF6692
66.46523,6.2743826,,514,3,#FF6692
60.256443,6.436771,,514,4,#FF6692
60.34292,6.428276,,514,4,#FF6692
60.276222,6.4055495,,514,4,#FF6692
60.34822,6.4669805,,514,4,#FF6692
60.30137,6.42756,,514,4,#FF6692
60.34785,6.4245653,,514,4,#FF6692
63.867466,5.4526906,,514,5,#FF6692
63.771355,5.5321245,,514,5,#FF6692
63.731937,5.4422097,,514,5,#FF6692
63.82762,5.3745947,,514,5,#FF6692
63.809544,5.428632,,514,5,#FF6692
63.784542,5.4094167,,514,5,#FF6692
64.92693,7.5192704,,514,6,#FF6692
64.91277,7.4996543,,514,6,#FF6692
64.92371,7.5342484,,514,6,#FF6692
64.91877,7.468345,,514,6,#FF6692
64.89544,7.451192,,514,6,#FF6692
64.878075,7.4811487,,514,6,#FF6692
64.09283,11.761955,,514,7,#FF6692
64.1477,11.672204,,514,7,#FF6692
64.16,11.707774,,514,7,#FF6692
64.10386,11.709675,,514,7,#FF6692
64.01023,11.798852,,514,7,#FF6692
63.99182,11.794506,,514,7,#FF6692
63.919815,11.711608,,514,7,#FF6692
62.20295,8.651743,,514,8,#FF6692
62.177437,8.667053,,514,8,#FF6692
62.1668,8.663629,,514,8,#FF6692
62.120636,8.662332,,514,8,#FF6692
62.099205,8.68966,,514,8,#FF6692
62.100212,8.69153,,514,8,#FF6692
-8.521821,-60.46372,,516,1,#B6E880
-8.505542,-60.462685,,516,1,#B6E880
-8.477104,-60.47071,,516,1,#B6E880
-8.398177,-60.52024,,516,1,#B6E880
-8.294501,-60.57434,,516,1,#B6E880
-8.313464,-60.537315,,516,1,#B6E880
4.277265,-59.103516,,516,3,#B6E880
4.304509,-59.08462,,516,3,#B6E880
4.300998,-59.07789,,516,3,#B6E880
4.321851,-59.081932,,516,3,#B6E880
4.314219,-59.10106,,516,3,#B6E880
4.352369,-59.06456,,516,3,#B6E880
-3.5635922,-63.14833,,516,5,#B6E880
-3.470929,-62.975376,,516,5,#B6E880
-3.4486008,-63.02772,,516,5,#B6E880
-3.6528327,-63.123066,,516,5,#B6E880
-3.6848905,-63.04252,,516,5,#B6E880
-3.5381494,-62.92154,,516,5,#B6E880
-3.6260953,-62.843777,,516,5,#B6E880
-2.097206,-60.192043,,516,6,#B6E880
-2.048482,-60.162514,,516,6,#B6E880
-2.0236995,-60.362427,,516,6,#B6E880
-1.8477799,-60.46326,,516,6,#B6E880
-1.7097827,-60.38259,,516,6,#B6E880
-1.6679364,-60.235012,,516,6,#B6E880
-6.163638,25.402287,,518,1,#FF97FF
-6.113229,25.23411,,518,1,#FF97FF
-6.028717,25.408821,,518,1,#FF97FF
-5.867348,25.26449,,518,1,#FF97FF
-5.8890457,25.290586,,518,1,#FF97FF
-6.082439,25.306875,,518,1,#FF97FF
-6.165046,21.990343,,518,2,#FF97FF
-6.44989,21.949009,,518,2,#FF97FF
-6.361438,21.827986,,518,2,#FF97FF
-6.2421737,21.876577,,518,2,#FF97FF
-6.1383886,21.81685,,518,2,#FF97FF
-6.195544,21.905457,,518,2,#FF97FF
0.54891753,17.754335,,518,3,#FF97FF
0.70244086,17.748432,,518,3,#FF97FF
0.82605624,17.684587,,518,3,#FF97FF
0.8246215,17.7084,,518,3,#FF97FF
0.80144316,17.704401,,518,3,#FF97FF
0.86295533,17.673725,,518,3,#FF97FF
0.7824396,17.768862,,518,3,#FF97FF
-4.2889295,17.929646,,518,5,#FF97FF
-4.36959,17.909164,,518,5,#FF97FF
-4.3274612,17.931606,,518,5,#FF97FF
-4.041302,17.873762,,518,5,#FF97FF
-4.068835,17.876642,,518,5,#FF97FF
-4.065115,17.883,,518,5,#FF97FF
-2.459822,20.74629,,518,6,#FF97FF
-2.450986,20.755058,,518,6,#FF97FF
-2.4240572,20.695236,,518,6,#FF97FF
-2.333398,20.650959,,518,6,#FF97FF
-2.377111,20.633747,,518,6,#FF97FF
-2.3623602,20.691376,,518,6,#FF97FF
-21.487583,-20.027243,,520,1,#FECB52
-21.474434,-20.030418,,520,1,#FECB52
-21.446983,-20.008495,,520,1,#FECB52
-21.44712,-19.969131,,520,1,#FECB52
-21.458685,-20.00091,,520,1,#FECB52
-21.44918,-20.017696,,520,1,#FECB52
-16.610428,-14.2994795,,520,2,#FECB52
-16.34852,-14.094965,,520,2,#FECB52
-16.393066,-13.853006,,520,2,#FECB52
-16.538391,-13.722461,,520,2,#FECB52
-16.823332,-13.611926,,520,2,#FECB52
-17.03789,-13.893803,,520,2,#FECB52
-17.095373,-14.012159,,520,2,#FECB52
-15.59546,-18.94656,,520,4,#FECB52
-15.638152,-18.92146,,520,4,#FECB52
-15.649964,-18.906475,,520,4,#FECB52
-15.643223,-18.87583,,520,4,#FECB52
-15.59141,-18.961168,,520,4,#FECB52
-15.641503,-18.944365,,520,4,#FECB52
-23.28384,-15.6610775,,520,5,#FECB52
-23.23537,-15.651223,,520,5,#FECB52
-23.145525,-15.581787,,520,5,#FECB52
-23.045546,-15.5599,,520,5,#FECB52
-23.034012,-15.558521,,520,5,#FECB52
-23.13494,-15.523614,,520,5,#FECB52
-15.364641,-10.150102,,520,6,#FECB52
-15.375204,-10.169098,,520,6,#FECB52
-15.361899,-10.147568,,520,6,#FECB52
-15.364721,-10.156766,,520,6,#FECB52
-15.373283,-10.166513,,520,6,#FECB52
-15.3697815,-10.160876,,520,6,#FECB52
-17.622908,-15.674901,,520,7,#FECB52
-17.848593,-15.809509,,520,7,#FECB52
-17.408129,-16.02849,,520,7,#FECB52
-17.744366,-16.254637,,520,7,#FECB52
-17.499529,-16.13593,,520,7,#FECB52
-17.349003,-16.139023,,520,7,#FECB52
-17.504593,-16.260109,,520,7,#FECB52
-18.939716,-18.282032,,520,8,#FECB52
-18.902697,-18.31546,,520,8,#FECB52
-18.725353,-18.01066,,520,8,#FECB52
-18.974953,-17.964598,,520,8,#FECB52
-18.833275,-17.944338,,520,8,#FECB52
-18.760334,-17.829947,,520,8,#FECB52
-10.866543,-59.867596,,522,1,#636EFA
-10.847668,-59.873894,,522,1,#636EFA
-10.863149,-59.871124,,522,1,#636EFA
-10.888907,-59.865158,,522,1,#636EFA
-10.808125,-59.889095,,522,1,#636EFA
-10.830086,-59.881073,,522,1,#636EFA
-7.4090214,-12.648752,,522,2,#636EFA
-7.461177,-12.669399,,522,2,#636EFA
-7.556117,-12.687955,,522,2,#636EFA
-7.5657964,-12.678432,,522,2,#636EFA
-7.6187186,-12.671712,,522,2,#636EFA
-7.599764,-12.711357,,522,2,#636EFA
-31.531221,-52.89804,,522,4,#636EFA
-31.567293,-52.629826,,522,4,#636EFA
-31.59943,-52.63172,,522,4,#636EFA
-31.493607,-52.70091,,522,4,#636EFA
-31.098173,-52.670135,,522,4,#636EFA
-30.906166,-52.55007,,522,4,#636EFA
-31.130001,-52.40294,,522,4,#636EFA
-11.416252,11.180536,,522,5,#636EFA
-11.331092,11.213247,,522,5,#636EFA
-11.270454,11.228002,,522,5,#636EFA
-11.183829,11.254643,,522,5,#636EFA
-11.122486,11.274001,,522,5,#636EFA
-11.143526,11.259654,,522,5,#636EFA
-22.28063,-54.49805,,522,6,#636EFA
-22.372738,-54.43334,,522,6,#636EFA
-22.40135,-54.42285,,522,6,#636EFA
-22.480465,-54.38277,,522,6,#636EFA
-22.562958,-54.369034,,522,6,#636EFA
-22.534168,-54.399906,,522,6,#636EFA
-29.09422,-54.415936,,522,7,#636EFA
-29.124285,-54.50175,,522,7,#636EFA
-29.1838,-54.518486,,522,7,#636EFA
-29.17664,-54.654655,,522,7,#636EFA
-29.266811,-54.64837,,522,7,#636EFA
-29.28207,-54.64886,,522,7,#636EFA
-26.52116,-55.708878,,522,8,#636EFA
-26.454237,-55.655476,,522,8,#636EFA
-26.417326,-55.427254,,522,8,#636EFA
-26.628736,-55.83875,,522,8,#636EFA
-26.882778,-55.846104,,522,8,#636EFA
-26.855299,-55.464203,,522,8,#636EFA
-26.771534,-55.514576,,522,8,#636EFA
-19.944792,-35.883175,,524,1,#EF553B
-19.96872,-35.91265,,524,1,#EF553B
-20.021374,-35.912064,,524,1,#EF553B
-20.03821,-35.84,,524,1,#EF553B
-20.058573,-35.79508,,524,1,#EF553B
-20.032791,-35.791718,,524,1,#EF553B
-19.215311,-30.712498,,524,2,#EF553B
-19.208624,-30.77275,,524,2,#EF553B
-19.203566,-30.720911,,524,2,#EF553B
-19.249882,-30.67076,,524,2,#EF553B
-19.28079,-30.62797,,524,2,#EF553B
-19.254961,-30.690947,,524,2,#EF553B
-18.197239,-39.276825,,524,3,#EF553B
-18.58764,-39.21772,,524,3,#EF553B
-18.594305,-39.259605,,524,3,#EF553B
-18.295687,-39.204895,,524,3,#EF553B
-18.193897,-39.12059,,524,3,#EF553B
-18.073698,-39.00334,,524,3,#EF553B
-17.80284,-42.176968,,524,4,#EF553B
-17.793142,-42.307816,,524,4,#EF553B
-17.917734,-42.286125,,524,4,#EF553B
-17.965876,-42.345863,,524,4,#EF553B
-18.022078,-42.172897,,524,4,#EF553B
-17.933317,-42.364517,,524,4,#EF553B
-18.081541,-42.287518,,524,4,#EF553B
-17.086784,-36.86869,,524,5,#EF553B
-17.055138,-36.827778,,524,5,#EF553B
-17.081406,-36.83855,,524,5,#EF553B
-17.063435,-36.876728,,524,5,#EF553B
-17.157436,-36.77436,,524,5,#EF553B
-17.203272,-36.865204,,524,5,#EF553B
-18.306845,-33.631153,,524,6,#EF553B
-18.236212,-33.72175,,524,6,#EF553B
-18.229107,-33.74019,,524,6,#EF553B
-18.198246,-33.78761,,524,6,#EF553B
-18.206644,-33.832767,,524,6,#EF553B
-18.199938,-33.83613,,524,6,#EF553B
-15.686696,-30.962465,,524,7,#EF553B
-15.697951,-30.955126,,524,7,#EF553B
-15.734423,-30.7935,,524,7,#EF553B
-15.752934,-30.74051,,524,7,#EF553B
-15.814273,-30.756931,,524,7,#EF553B
-15.794402,-30.78643,,524,7,#EF553B
-14.049801,-38.880833,,524,8,#EF553B
-14.051177,-38.857414,,524,8,#EF553B
-14.156811,-38.78444,,524,8,#EF553B
-14.282112,-38.638645,,524,8,#EF553B
-14.3049135,-38.648872,,524,8,#EF553B
-14.3966675,-38.5888,,524,8,#EF553B
-14.375344,-38.60724,,524,8,#EF553B
-54.888527,23.26684,,526,1,#00CC96
-54.503002,23.14598,,526,1,#00CC96
-54.3258,23.156607,,526,1,#00CC96
-54.424477,23.3793,,526,1,#00CC96
-54.545986,23.579126,,526,1,#00CC96
-54.58697,23.5965,,526,1,#00CC96
-56.476326,16.753677,,526,3,#00CC96
-56.60383,16.805557,,526,3,#00CC96
-56.782654,16.664509,,526,3,#00CC96
-56.710445,16.537628,,526,3,#00CC96
-56.663006,16.469128,,526,3,#00CC96
-56.677242,16.518005,,526,3,#00CC96
-57.785652,21.541622,,526,5,#00CC96
-57.87723,21.65011,,526,5,#00CC96
-57.88162,21.721516,,526,5,#00CC96
-57.892456,21.808846,,526,5,#00CC96
-57.753456,21.848585,,526,5,#00CC96
-57.762554,21.9203,,526,5,#00CC96
29.892574,41.42783,,528,1,#AB63FA
29.891321,41.428543,,528,1,#AB63FA
30.028395,41.48777,,528,1,#AB63FA
30.163742,41.36862,,528,1,#AB63FA
30.139969,41.36143,,528,1,#AB63FA
30.10526,41.434544,,528,1,#AB63FA
30.182583,41.602135,,528,1,#AB63FA
32.738472,56.574917,,528,2,#AB63FA
32.703705,56.607918,,528,2,#AB63FA
32.6631,56.62421,,528,2,#AB63FA
32.899807,56.541275,,528,2,#AB63FA
32.912334,56.499474,,528,2,#AB63FA
32.917713,56.480736,,528,2,#AB63FA
31.788164,49.136864,,528,3,#AB63FA
31.706945,49.153538,,528,3,#AB63FA
31.784925,49.090652,,528,3,#AB63FA
31.783573,49.082382,,528,3,#AB63FA
31.710535,49.137638,,528,3,#AB63FA
31.741102,49.1643,,528,3,#AB63FA
33.65049,47.84207,,528,4,#AB63FA
33.66088,47.867016,,528,4,#AB63FA
33.770615,47.86888,,528,4,#AB63FA
33.741096,47.912876,,528,4,#AB63FA
33.731415,47.921906,,528,4,#AB63FA
33.763184,47.891342,,528,4,#AB63FA
31.749838,46.078514,,528,5,#AB63FA
31.599575,46.05009,,528,5,#AB63FA
31.524197,46.017136,,528,5,#AB63FA
31.940126,45.940884,,528,5,#AB63FA
31.814405,45.639175,,528,5,#AB63FA
31.900436,45.68842,,528,5,#AB63FA
31.786743,45.600666,,528,5,#AB63FA
33.730633,51.0335,,528,6,#AB63FA
33.74653,50.97851,,528,6,#AB63FA
33.752438,50.99821,,528,6,#AB63FA
33.710648,50.976833,,528,6,#AB63FA
33.642406,50.963844,,528,6,#AB63FA
33.670956,50.894543,,528,6,#AB63FA
32.33883,53.14493,,528,7,#AB63FA
32.360474,53.18227,,528,7,#AB63FA
32.352314,53.13441,,528,7,#AB63FA
32.342953,53.191254,,528,7,#AB63FA
32.33988,53.23291,,528,7,#AB63FA
32.4026,53.26903,,528,7,#AB63FA
35.981773,55.854637,,530,1,#FFA15A
35.90545,55.72887,,530,1,#FFA15A
35.99942,55.61102,,530,1,#FFA15A
36.034626,55.445747,,530,1,#FFA15A
36.409332,55.48067,,530,1,#FFA15A
36.395515,55.46088,,530,1,#FFA15A
39.529377,55.284676,,530,2,#FFA15A
39.414253,55.325474,,530,2,#FFA15A
39.321663,55.487827,,530,2,#FFA15A
39.289745,55.575283,,530,2,#FFA15A
39.343483,55.597313,,530,2,#FFA15A
39.349354,55.7099,,530,2,#FFA15A
39.32938,55.795963,,530,2,#FFA15A
42.871197,48.626366,,530,3,#FFA15A
42.9352,48.616886,,530,3,#FFA15A
42.969376,48.609344,,530,3,#FFA15A
42.979713,48.601994,,530,3,#FFA15A
42.946777,48.624336,,530,3,#FFA15A
42.836315,48.67192,,530,3,#FFA15A
42.74941,51.01297,,530,4,#FFA15A
42.710285,50.91745,,530,4,#FFA15A
42.71459,50.92411,,530,4,#FFA15A
42.75147,50.940556,,530,4,#FFA15A
42.67442,51.0733,,530,4,#FFA15A
42.6545,51.062096,,530,4,#FFA15A
36.346615,50.320007,,530,5,#FFA15A
36.399876,50.36858,,530,5,#FFA15A
36.41254,50.123177,,530,5,#FFA15A
36.42679,50.173832,,530,5,#FFA15A
36.503975,50.095547,,530,5,#FFA15A
36.608337,50.185013,,530,5,#FFA15A
40.886417,49.22337,,530,6,#FFA15A
40.88272,49.235363,,530,6,#FFA15A
40.683907,49.495476,,530,6,#FFA15A
40.845757,49.691803,,530,6,#FFA15A
40.998432,49.686733,,530,6,#FFA15A
41.061806,49.399292,,530,6,#FFA15A
40.95225,49.676037,,530,6,#FFA15A
35.367523,53.794815,,530,8,#FFA15A
35.46336,53.769035,,530,8,#FFA15A
35.092876,53.56675,,530,8,#FFA15A
35.10305,53.481316,,530,8,#FFA15A
35.071213,53.353012,,530,8,#FFA15A
35.076332,53.37949,,530,8,#FFA15A
39.618725,-50.340214,,532,1,#19D3F3
39.541492,-50.354454,,532,1,#19D3F3
39.24973,-50.31062,,532,1,#19D3F3
39.08482,-50.06404,,532,1,#19D3F3
39.440266,-49.938663,,532,1,#19D3F3
39.104347,-49.987164,,532,1,#19D3F3
34.97918,-42.695427,,532,2,#19D3F3
34.994717,-42.782715,,532,2,#19D3F3
35.329052,-42.807117,,532,2,#19D3F3
35.292015,-42.91737,,532,2,#19D3F3
35.341694,-42.565983,,532,2,#19D3F3
34.971386,-42.457203,,532,2,#19D3F3
29.565346,-48.103046,,532,3,#19D3F3
29.433592,-48.156353,,532,3,#19D3F3
29.357533,-48.3262,,532,3,#19D3F3
29.454891,-48.56107,,532,3,#19D3F3
29.564146,-48.54309,,532,3,#19D3F3
29.912703,-48.486095,,532,3,#19D3F3
29.944162,-48.452496,,532,3,#19D3F3
30.207043,-45.964054,,532,4,#19D3F3
30.220697,-45.953556,,532,4,#19D3F3
30.233692,-45.962257,,532,4,#19D3F3
30.236612,-45.92655,,532,4,#19D3F3
30.229877,-45.959908,,532,4,#19D3F3
30.227776,-46.049503,,532,4,#19D3F3
37.288918,-50.544758,,532,5,#19D3F3
37.319794,-50.62463,,532,5,#19D3F3
37.307724,-50.6109,,532,5,#19D3F3
37.345066,-50.59744,,532,5,#19D3F3
37.17455,-50.71718,,532,5,#19D3F3
37.1949,-50.811962,,532,5,#19D3F3
34.28873,-46.66555,,532,6,#19D3F3
34.30613,-46.692898,,532,6,#19D3F3
34.304287,-46.607582,,532,6,#19D3F3
34.29748,-46.62761,,532,6,#19D3F3
34.303814,-46.565685,,532,6,#19D3F3
34.283234,-46.61421,,532,6,#19D3F3
34.503487,-48.50275,,532,7,#19D3F3
34.433296,-48.383595,,532,7,#19D3F3
34.379444,-48.27647,,532,7,#19D3F3
34.273304,-48.49656,,532,7,#19D3F3
34.13623,-48.442566,,532,7,#19D3F3
34.10969,-48.5376,,532,7,#19D3F3
34.1965,-48.635075,,532,7,#19D3F3
34.07683,-51.890682,,532,8,#19D3F3
34.20662,-51.377995,,532,8,#19D3F3
34.281033,-51.550014,,532,8,#19D3F3
33.932632,-51.56803,,532,8,#19D3F3
34.14065,-51.967228,,532,8,#19D3F3
34.51581,-51.782856,,532,8,#19D3F3
-46.007187,-47.761517,,534,1,#FF6692
-46.16089,-47.88143,,534,1,#FF6692
-46.15071,-47.908726,,534,1,#FF6692
-46.41956,-47.67239,,534,1,#FF6692
-46.07846,-47.54632,,534,1,#FF6692
-46.22247,-47.52305,,534,1,#FF6692
-41.730305,-54.250034,,534,2,#FF6692
-41.74767,-54.258205,,534,2,#FF6692
-41.722023,-54.26743,,534,2,#FF6692
-41.730793,-54.26474,,534,2,#FF6692
-41.70948,-54.25713,,534,2,#FF6692
-41.73383,-54.255394,,534,2,#FF6692
-40.424534,-44.15463,,534,4,#FF6692
-40.337536,-44.137276,,534,4,#FF6692
-40.450363,-44.598713,,534,4,#FF6692
-40.31825,-44.527096,,534,4,#FF6692
-40.675724,-44.432198,,534,4,#FF6692
-40.676777,-44.636246,,534,4,#FF6692
-40.806675,-44.43788,,534,4,#FF6692
-45.513683,-45.06401,,534,5,#FF6692
-45.737247,-45.325703,,534,5,#FF6692
-45.75149,-45.483944,,534,5,#FF6692
-45.555183,-45.64669,,534,5,#FF6692
-45.453922,-45.6002,,534,5,#FF6692
-45.352074,-45.643246,,534,5,#FF6692
-43.595886,-51.070023,,534,6,#FF6692
-43.517212,-51.201927,,534,6,#FF6692
-43.44131,-51.41098,,534,6,#FF6692
-43.851765,-51.436047,,534,6,#FF6692
-43.68623,-51.56547,,534,6,#FF6692
-43.744152,-51.54396,,534,6,#FF6692
-42.45099,-45.771984,,534,7,#FF6692
-42.739887,-45.686794,,534,7,#FF6692
-42.606014,-45.506775,,534,7,#FF6692
-42.679417,-45.41417,,534,7,#FF6692
-43.002758,-45.587345,,534,7,#FF6692
-43.064312,-45.3072,,534,7,#FF6692
-43.78203,-42.88043,,534,8,#FF6692
-43.78394,-43.08316,,534,8,#FF6692
-43.596237,-43.26202,,534,8,#FF6692
-43.492893,-43.15252,,534,8,#FF6692
-43.32322,-43.15982,,534,8,#FF6692
-43.237076,-43.097404,,534,8,#FF6692
-43.2262,-42.86545,,534,8,#FF6692
-9.974142,32.91086,,536,1,#B6E880
-9.933809,32.79647,,536,1,#B6E880
-9.926413,32.83064,,536,1,#B6E880
-9.992815,32.887848,,536,1,#B6E880
-10.0169,33.01778,,536,1,#B6E880
-9.987249,32.944763,,536,1,#B6E880
-46.750835,-1.7869452,,536,2,#B6E880
-46.863583,-1.7519757,,536,2,#B6E880
-46.723907,-1.9531146,,536,2,#B6E880
-46.70125,-1.8674098,,536,2,#B6E880
-46.83565,-1.8466771,,536,2,#B6E880
-46.95136,-1.8671064,,536,2,#B6E880
-11.774636,35.27261,,536,5,#B6E880
-11.76452,35.2814,,536,5,#B6E880
-11.801848,35.29051,,536,5,#B6E880
-11.77132,35.26177,,536,5,#B6E880
-11.922502,35.14615,,536,5,#B6E880
-11.916499,35.16444,,536,5,#B6E880
-53.928417,2.4900517,,536,6,#B6E880
-53.945366,2.400728,,536,6,#B6E880
-53.96973,2.2763658,,536,6,#B6E880
-54.02313,2.2618947,,536,6,#B6E880
-54.00484,2.2047613,,536,6,#B6E880
-53.98096,2.2833114,,536,6,#B6E880
-53.946976,2.0982087,,536,6,#B6E880
48.803196,17.305124,,538,1,#FF97FF
48.78861,17.29331,,538,1,#FF97FF
48.789387,17.274677,,538,1,#FF97FF
48.785904,17.22901,,538,1,#FF97FF
48.74491,17.22153,,538,1,#FF97FF
48.650143,17.06444,,538,1,#FF97FF
48.195107,13.617819,,538,2,#FF97FF
48.22321,13.586586,,538,2,#FF97FF
48.35866,13.672167,,538,2,#FF97FF
48.37764,13.685995,,538,2,#FF97FF
48.49108,13.86143,,538,2,#FF97FF
48.58704,13.886784,,538,2,#FF97FF
46.17086,15.716504,,538,3,#FF97FF
46.252747,15.717462,,538,3,#FF97FF
46.318417,15.709817,,538,3,#FF97FF
46.35742,15.691144,,538,3,#FF97FF
46.340088,15.70437,,538,3,#FF97FF
46.324875,15.686434,,538,3,#FF97FF
40.8226,12.113143,,538,4,#FF97FF
40.764,12.056941,,538,4,#FF97FF
40.69518,12.06585,,538,4,#FF97FF
40.81452,12.162025,,538,4,#FF97FF
40.75318,12.141637,,538,4,#FF97FF
40.669346,12.119259,,538,4,#FF97FF
40.586277,12.0883045,,538,4,#FF97FF
44.65225,8.304486,,538,5,#FF97FF
44.672604,8.291309,,538,5,#FF97FF
44.660576,8.296173,,538,5,#FF97FF
44.690334,8.283791,,538,5,#FF97FF
44.681046,8.276593,,538,5,#FF97FF
44.70359,8.291528,,538,5,#FF97FF
43.55142,11.658328,,538,6,#FF97FF
43.572056,11.667621,,538,6,#FF97FF
43.550587,11.681851,,538,6,#FF97FF
43.57912,11.702035,,538,6,#FF97FF
43.537933,11.705445,,538,6,#FF97FF
43.56899,11.823686,,538,6,#FF97FF
44.71291,13.653982,,538,7,#FF97FF
44.79972,13.603702,,538,7,#FF97FF
44.843315,13.586681,,538,7,#FF97FF
44.743046,13.581409,,538,7,#FF97FF
44.837147,13.590438,,538,7,#FF97FF
44.7368,13.655747,,538,7,#FF97FF
42.357975,14.533647,,538,8,#FF97FF
42.1743,14.592434,,538,8,#FF97FF
42.157112,14.732931,,538,8,#FF97FF
41.978634,14.701392,,538,8,#FF97FF
41.87527,14.536451,,538,8,#FF97FF
41.865646,14.598958,,538,8,#FF97FF
42.110165,14.37477,,538,8,#FF97FF
48.76358,-10.4254,,540,1,#FECB52
48.758385,-10.4086685,,540,1,#FECB52
48.88596,-10.53609,,540,1,#FECB52
48.889683,-10.56967,,540,1,#FECB52
48.88884,-10.54929,,540,1,#FECB52
48.804752,-10.560318,,540,1,#FECB52
52.144585,12.942592,,540,2,#FECB52
52.15539,12.94272,,540,2,#FECB52
52.102276,12.896903,,540,2,#FECB52
51.999638,12.85553,,540,2,#FECB52
51.877785,12.835283,,540,2,#FECB52
51.87052,12.825893,,540,2,#FECB52
54.557133,-12.731084,,540,3,#FECB52
54.41583,-12.682603,,540,3,#FECB52
54.395367,-12.700844,,540,3,#FECB52
54.38473,-12.641346,,540,3,#FECB52
54.516136,-12.749225,,540,3,#FECB52
54.555748,-12.706003,,540,3,#FECB52
50.572407,-18.570625,,540,4,#FECB52
50.551586,-18.52643,,540,4,#FECB52
50.896107,-18.838724,,540,4,#FECB52
50.76733,-18.938082,,540,4,#FECB52
50.71191,-18.974417,,540,4,#FECB52
50.669273,-18.906055,,540,4,#FECB52
50.49243,-18.881027,,540,4,#FECB52
54.21987,-9.407907,,540,5,#FECB52
54.23571,-9.458899,,540,5,#FECB52
54.51386,-9.281406,,540,5,#FECB52
54.61214,-9.333587,,540,5,#FECB52
54.558464,-9.601932,,540,5,#FECB52
54.494225,-9.69961,,540,5,#FECB52
56.408752,-7.1544504,,540,6,#FECB52
56.36851,-7.164088,,540,6,#FECB52
56.20005,-6.9723587,,540,6,#FECB52
56.3239,-6.979481,,540,6,#FECB52
56.16806,-7.0193396,,540,6,#FECB52
56.126385,-7.03285,,540,6,#FECB52
47.030754,-20.971745,,540,7,#FECB52
47.02477,-20.970533,,540,7,#FECB52
47.05006,-20.951254,,540,7,#FECB52
47.047657,-20.946875,,540,7,#FECB52
47.043793,-20.947933,,540,7,#FECB52
47.06915,-20.925442,,540,7,#FECB52
37.814552,-22.275158,,540,8,#FECB52
38.02119,-22.338848,,540,8,#FECB52
38.008488,-22.328053,,540,8,#FECB52
38.123215,-22.326376,,540,8,#FECB52
38.037663,-22.348265,,540,8,#FECB52
38.158524,-22.32634,,540,8,#FECB52
38.137657,-22.32806,,540,8,#FECB52
-14.7209015,9.469297,,542,1,#636EFA
-14.7263565,9.477409,,542,1,#636EFA
-14.711121,9.5007,,542,1,#636EFA
-14.749331,9.447642,,542,1,#636EFA
-14.76679,9.449072,,542,1,#636EFA
-14.790331,9.4567995,,542,1,#636EFA
43.606976,-13.553371,,542,2,#636EFA
43.619106,-13.545848,,542,2,#636EFA
43.69947,-13.505524,,542,2,#636EFA
43.72533,-13.488281,,542,2,#636EFA
43.66556,-13.518999,,542,2,#636EFA
43.71699,-13.498617,,542,2,#636EFA
40.42477,-12.754222,,542,4,#636EFA
40.421215,-12.744775,,542,4,#636EFA
40.428825,-12.771497,,542,4,#636EFA
40.419983,-12.753514,,542,4,#636EFA
40.417896,-12.767229,,542,4,#636EFA
40.40609,-12.792937,,542,4,#636EFA
-14.4742565,-34.224247,,542,5,#636EFA
-14.403759,-34.303116,,542,5,#636EFA
-14.500821,-34.304436,,542,5,#636EFA
-14.545543,-34.38867,,542,5,#636EFA
-14.705655,-34.318287,,542,5,#636EFA
-14.721913,-34.268284,,542,5,#636EFA
-14.723422,-34.23559,,542,5,#636EFA
-10.94,-29.150959,,542,6,#636EFA
-10.890925,-29.148222,,542,6,#636EFA
-10.884461,-29.153801,,542,6,#636EFA
-10.917042,-29.162682,,542,6,#636EFA
-10.9220295,-29.148907,,542,6,#636EFA
-10.912273,-29.146988,,542,6,#636EFA
40.440346,-15.610706,,542,7,#636EFA
40.46914,-15.513431,,542,7,#636EFA
40.446823,-15.552167,,542,7,#636EFA
40.42393,-15.636625,,542,7,#636EFA
40.42541,-15.5880785,,542,7,#636EFA
40.456833,-15.521881,,542,7,#636EFA
61.16924,3.068331,,542,8,#636EFA
61.169586,3.068385,,542,8,#636EFA
61.165424,3.082944,,542,8,#636EFA
61.168335,3.090847,,542,8,#636EFA
61.166546,3.0760014,,542,8,#636EFA
61.17166,3.0552895,,542,8,#636EFA
18.36951,-54.529213,,544,1,#EF553B
18.499638,-54.476837,,544,1,#EF553B
18.493658,-54.51794,,544,1,#EF553B
18.417112,-54.447906,,544,1,#EF553B
18.442472,-54.52442,,544,1,#EF553B
18.617048,-54.265675,,544,1,#EF553B
18.501362,-54.414505,,544,1,#EF553B
-7.7983713,-44.867645,,544,2,#EF553B
-7.90452,-44.81999,,544,2,#EF553B
-7.980536,-44.720493,,544,2,#EF553B
-8.058187,-44.637283,,544,2,#EF553B
-8.026583,-44.68769,,544,2,#EF553B
-7.979403,-44.72306,,544,2,#EF553B
9.793079,-53.377285,,544,3,#EF553B
9.767851,-53.392925,,544,3,#EF553B
9.78597,-53.37911,,544,3,#EF553B
9.727471,-53.411644,,544,3,#EF553B
9.738334,-53.39913,,544,3,#EF553B
9.649122,-53.427883,,544,3,#EF553B
16.013142,-54.18705,,544,5,#EF553B
15.917701,-54.192318,,544,5,#EF553B
15.976362,-53.792233,,544,5,#EF553B
15.769984,-53.835373,,544,5,#EF553B
15.843466,-53.866318,,544,5,#EF553B
15.683335,-53.949177,,544,5,#EF553B
7.0322895,-50.42988,,544,6,#EF553B
7.0616994,-50.37896,,544,6,#EF553B
7.0865855,-50.328434,,544,6,#EF553B
7.049037,-50.289253,,544,6,#EF553B
7.0325894,-50.25423,,544,6,#EF553B
7.0917354,-50.28326,,544,6,#EF553B
7.157333,-50.322865,,544,6,#EF553B
7.000831,-47.58634,,544,7,#EF553B
7.025472,-47.56847,,544,7,#EF553B
7.1041994,-47.583084,,544,7,#EF553B
7.0931683,-47.573986,,544,7,#EF553B
7.083623,-47.56825,,544,7,#EF553B
7.066101,-47.5803,,544,7,#EF553B
16.619112,-58.307697,,544,8,#EF553B
16.689669,-58.16494,,544,8,#EF553B
16.622734,-58.196083,,544,8,#EF553B
16.520947,-58.14772,,544,8,#EF553B
16.437235,-58.18454,,544,8,#EF553B
16.53359,-58.386032,,544,8,#EF553B
-3.6208696,66.61758,,546,2,#00CC96
-3.6499596,66.64773,,546,2,#00CC96
-3.7123182,66.61717,,546,2,#00CC96
-3.8542593,66.63292,,546,2,#00CC96
-4.0427923,66.74703,,546,2,#00CC96
-4.0039253,66.76772,,546,2,#00CC96
-8.355347,65.70494,,546,4,#00CC96
-8.312265,65.86925,,546,4,#00CC96
-8.774187,65.79193,,546,4,#00CC96
-8.886792,65.905304,,546,4,#00CC96
-8.478301,66.32613,,546,4,#00CC96
-8.885602,66.224365,,546,4,#00CC96
-8.826508,66.39274,,546,4,#00CC96
-6.7113295,65.831726,,546,7,#00CC96
-6.7151017,65.78815,,546,7,#00CC96
-6.8429956,65.51789,,546,7,#00CC96
-6.823644,65.71153,,546,7,#00CC96
-6.4582887,65.23198,,546,7,#00CC96
-6.4132113,65.24074,,546,7,#00CC96
-7.3867507,64.068214,,546,8,#00CC96
-7.5705585,64.098335,,546,8,#00CC96
-7.5624576,64.12006,,546,8,#00CC96
-7.68863,64.27697,,546,8,#00CC96
-7.7017665,64.20241,,546,8,#00CC96
-7.8012133,64.2086,,546,8,#00CC96
33.881924,-7.788187,,548,1,#AB63FA
33.929165,-7.7884154,,548,1,#AB63FA
33.94311,-7.7800117,,548,1,#AB63FA
33.93988,-7.804346,,548,1,#AB63FA
33.93193,-7.8830037,,548,1,#AB63FA
33.78168,-7.935804,,548,1,#AB63FA
11.116817,-4.20996,,548,2,#AB63FA
11.127527,-3.8788812,,548,2,#AB63FA
11.057225,-3.8333473,,548,2,#AB63FA
10.981417,-3.9452536,,548,2,#AB63FA
10.753194,-4.0644913,,548,2,#AB63FA
10.66857,-4.0779305,,548,2,#AB63FA
10.748889,-4.2647696,,548,2,#AB63FA
16.187925,-5.0330443,,548,3,#AB63FA
16.192842,-5.0322185,,548,3,#AB63FA
16.203083,-5.0327444,,548,3,#AB63FA
16.194962,-5.0351906,,548,3,#AB63FA
16.204126,-5.0391855,,548,3,#AB63FA
16.20085,-5.0401545,,548,3,#AB63FA
32.359272,-9.427185,,548,5,#AB63FA
32.32869,-9.479609,,548,5,#AB63FA
32.33263,-9.554535,,548,5,#AB63FA
32.342308,-9.519384,,548,5,#AB63FA
32.34601,-9.503363,,548,5,#AB63FA
32.33677,-9.467022,,548,5,#AB63FA
30.521961,-7.628868,,548,6,#AB63FA
30.514729,-7.5975437,,548,6,#AB63FA
30.55977,-7.6024427,,548,6,#AB63FA
30.541592,-7.6460366,,548,6,#AB63FA
30.553661,-7.653829,,548,6,#AB63FA
30.65018,-7.6891527,,548,6,#AB63FA
7.053495,-9.601649,,548,7,#AB63FA
7.1394796,-9.633971,,548,7,#AB63FA
7.1583934,-9.573448,,548,7,#AB63FA
7.1830044,-9.590635,,548,7,#AB63FA
7.3918495,-9.609655,,548,7,#AB63FA
7.370564,-9.57974,,548,7,#AB63FA
7.406683,-9.700874,,548,7,#AB63FA
-35.19893,2.184314,,550,1,#FFA15A
-35.14422,2.1572175,,550,1,#FFA15A
-35.153637,2.2538493,,550,1,#FFA15A
-35.35915,2.1033897,,550,1,#FFA15A
-35.135303,1.9966503,,550,1,#FFA15A
-35.177147,1.9082388,,550,1,#FFA15A
-35.980095,-0.2121965,,550,2,#FFA15A
-35.99044,-0.19804086,,550,2,#FFA15A
-35.981224,-0.28626978,,550,2,#FFA15A
-36.05876,-0.28138557,,550,2,#FFA15A
-36.05478,-0.23481697,,550,2,#FFA15A
-36.031513,-4.234491e-06,,550,2,#FFA15A
-28.451862,1.3539897,,550,3,#FFA15A
-28.46022,1.3248048,,550,3,#FFA15A
-28.458117,1.3119171,,550,3,#FFA15A
-28.482742,1.2964776,,550,3,#FFA15A
-28.473362,1.2814771,,550,3,#FFA15A
-28.489372,1.2879628,,550,3,#FFA15A
-39.143494,11.142831,,550,4,#FFA15A
-39.13588,11.16357,,550,4,#FFA15A
-39.148266,11.159176,,550,4,#FFA15A
-39.153927,11.164157,,550,4,#FFA15A
-39.15063,11.186542,,550,4,#FFA15A
-39.152874,11.188289,,550,4,#FFA15A
-39.145912,11.232458,,550,4,#FFA15A
-25.173162,0.08097385,,550,5,#FFA15A
-25.17115,0.27937427,,550,5,#FFA15A
-25.156797,0.44565654,,550,5,#FFA15A
-24.646524,0.075255156,,550,5,#FFA15A
-24.55361,0.12792909,,550,5,#FFA15A
-24.542786,0.12128318,,550,5,#FFA15A
-30.941164,0.01400676,,550,6,#FFA15A
-30.988749,0.028827693,,550,6,#FFA15A
-31.078922,0.041821416,,550,6,#FFA15A
-31.177378,0.05479597,,550,6,#FFA15A
-31.240486,-0.043077845,,550,6,#FFA15A
-31.392544,-0.23943193,,550,6,#FFA15A
-29.85397,-3.2959595,,550,7,#FFA15A
-29.825014,-3.2392418,,550,7,#FFA15A
-29.849424,-3.2744718,,550,7,#FFA15A
-29.826569,-3.2935016,,550,7,#FFA15A
-29.842642,-3.3692102,,550,7,#FFA15A
-29.876795,-3.2575629,,550,7,#FFA15A
-31.511461,3.630798,,550,8,#FFA15A
-31.54629,3.5715039,,550,8,#FFA15A
-31.74339,3.184216,,550,8,#FFA15A
-31.513779,3.742759,,550,8,#FFA15A
-31.554121,3.8103092,,550,8,#FFA15A
-31.70332,3.3758008,,550,8,#FFA15A
-31.728403,3.2778242,,550,8,#FFA15A
38.106575,-4.035099,,552,1,#19D3F3
38.20554,-3.9900665,,552,1,#19D3F3
38.240974,-3.9840815,,552,1,#19D3F3
38.289692,-3.9768345,,552,1,#19D3F3
38.352654,-3.9136672,,552,1,#19D3F3
38.294365,-3.9386196,,552,1,#19D3F3
26.915232,0.26125294,,552,2,#19D3F3
26.789991,-0.12198739,,552,2,#19D3F3
26.835926,0.038979676,,552,2,#19D3F3
27.067533,-0.36361325,,552,2,#19D3F3
27.054512,-0.33239707,,552,2,#19D3F3
27.042686,-0.35609376,,552,2,#19D3F3
27.8148,-3.329904,,552,3,#19D3F3
27.833694,-3.3366976,,552,3,#19D3F3
27.789728,-3.3401563,,552,3,#19D3F3
27.80845,-3.3290305,,552,3,#19D3F3
27.789597,-3.3343682,,552,3,#19D3F3
27.718018,-3.3399508,,552,3,#19D3F3
26.119162,-6.003013,,552,4,#19D3F3
25.941423,-5.926654,,552,4,#19D3F3
26.303448,-5.704824,,552,4,#19D3F3
26.295534,-5.618651,,552,4,#19D3F3
26.032465,-5.6848254,,552,4,#19D3F3
25.900274,-5.8299956,,552,4,#19D3F3
25.899572,-5.780828,,552,4,#19D3F3
30.387478,-1.6864454,,552,5,#19D3F3
30.477207,-1.7586462,,552,5,#19D3F3
30.423521,-1.75019,,552,5,#19D3F3
30.25582,-1.78018,,552,5,#19D3F3
30.00236,-1.6606609,,552,5,#19D3F3
30.28541,-1.761354,,552,5,#19D3F3
25.393124,-1.5811313,,552,6,#19D3F3
25.522793,-1.5690546,,552,6,#19D3F3
25.458492,-1.573489,,552,6,#19D3F3
25.426678,-1.5845627,,552,6,#19D3F3
25.423359,-1.4741861,,552,6,#19D3F3
25.398264,-1.4712052,,552,6,#19D3F3
25.6995,1.5677177,,552,7,#19D3F3
25.697361,1.5825571,,552,7,#19D3F3
25.67679,1.7770919,,552,7,#19D3F3
25.672373,1.7572763,,552,7,#19D3F3
25.625841,1.8431762,,552,7,#19D3F3
25.494963,1.9746155,,552,7,#19D3F3
32.839256,-2.1081429,,552,8,#19D3F3
33.203846,-2.0277686,,552,8,#19D3F3
33.07281,-2.0131145,,552,8,#19D3F3
32.95628,-2.5148544,,552,8,#19D3F3
32.759308,-2.5072114,,552,8,#19D3F3
32.728516,-2.4742618,,552,8,#19D3F3
32.744423,-2.0679288,,552,8,#19D3F3
18.092709,-40.22639,,554,1,#FF6692
18.029137,-40.029396,,554,1,#FF6692
18.073786,-40.138866,,554,1,#FF6692
18.22439,-39.920315,,554,1,#FF6692
18.372179,-40.078598,,554,1,#FF6692
18.358158,-40.2461,,554,1,#FF6692
24.21166,-49.050133,,554,2,#FF6692
24.0291,-48.985172,,554,2,#FF6692
24.020664,-49.233147,,554,2,#FF6692
23.841362,-49.23443,,554,2,#FF6692
23.680752,-49.304714,,554,2,#FF6692
23.76291,-49.372208,,554,2,#FF6692
22.896809,-40.806057,,554,3,#FF6692
22.927486,-40.77254,,554,3,#FF6692
22.842953,-40.830307,,554,3,#FF6692
22.851538,-40.773434,,554,3,#FF6692
22.8627,-40.82191,,554,3,#FF6692
22.74711,-40.977856,,554,3,#FF6692
14.276465,-43.995182,,554,5,#FF6692
14.323268,-43.974113,,554,5,#FF6692
14.297195,-43.948296,,554,5,#FF6692
14.354416,-43.849476,,554,5,#FF6692
14.404428,-43.787155,,554,5,#FF6692
14.570343,-43.662052,,554,5,#FF6692
14.541124,-43.6858,,554,5,#FF6692
23.627073,-46.43985,,554,6,#FF6692
23.638361,-46.45855,,554,6,#FF6692
23.655888,-46.453007,,554,6,#FF6692
23.618732,-46.455807,,554,6,#FF6692
23.613836,-46.476093,,554,6,#FF6692
23.613165,-46.50495,,554,6,#FF6692
22.469532,-47.91419,,554,7,#FF6692
22.406118,-47.900913,,554,7,#FF6692
22.42348,-47.87257,,554,7,#FF6692
22.494816,-47.88527,,554,7,#FF6692
22.493355,-47.900673,,554,7,#FF6692
22.519478,-47.898224,,554,7,#FF6692
16.800493,-43.36226,,554,8,#FF6692
16.822842,-43.372475,,554,8,#FF6692
16.825327,-43.54895,,554,8,#FF6692
16.803015,-43.64626,,554,8,#FF6692
16.753935,-43.601032,,554,8,#FF6692
16.861135,-43.638607,,554,8,#FF6692
46.80797,24.894684,,556,1,#B6E880
46.808273,24.89554,,556,1,#B6E880
46.71286,24.914267,,556,1,#B6E880
46.671978,25.039719,,556,1,#B6E880
46.68312,25.02217,,556,1,#B6E880
46.690136,24.978743,,556,1,#B6E880
46.6991,24.983723,,556,1,#B6E880
34.45047,5.653525,,556,2,#B6E880
34.475567,5.6421494,,556,2,#B6E880
34.44229,5.675785,,556,2,#B6E880
34.379017,5.6675553,,556,2,#B6E880
34.413887,5.6539307,,556,2,#B6E880
34.439144,5.6252627,,556,2,#B6E880
31.239222,12.137253,,556,3,#B6E880
31.262045,12.20844,,556,3,#B6E880
31.653576,12.0148325,,556,3,#B6E880
31.730194,12.03424,,556,3,#B6E880
31.577131,11.8781595,,556,3,#B6E880
31.620823,11.847028,,556,3,#B6E880
30.47232,2.9205465,,556,4,#B6E880
30.481964,2.9741857,,556,4,#B6E880
30.293291,2.9423735,,556,4,#B6E880
30.234324,3.2769282,,556,4,#B6E880
30.233747,3.2718077,,556,4,#B6E880
30.105385,3.2091274,,556,4,#B6E880
46.919373,22.458912,,556,5,#B6E880
47.041153,22.796915,,556,5,#B6E880
47.057247,22.366894,,556,5,#B6E880
47.186684,22.356432,,556,5,#B6E880
47.150146,22.521578,,556,5,#B6E880
47.19398,22.570385,,556,5,#B6E880
46.715523,22.699146,,556,5,#B6E880
31.733732,7.2425194,,556,6,#B6E880
31.82995,7.2970676,,556,6,#B6E880
31.68996,7.2345705,,556,6,#B6E880
31.643991,7.245796,,556,6,#B6E880
31.625233,7.221295,,556,6,#B6E880
31.297066,7.2530947,,556,6,#B6E880
29.302464,6.8339963,,556,7,#B6E880
29.191826,6.8198133,,556,7,#B6E880
29.170963,6.8713994,,556,7,#B6E880
29.120577,6.8852005,,556,7,#B6E880
29.159603,6.8453913,,556,7,#B6E880
29.229637,6.876585,,556,7,#B6E880
36.09169,10.4200115,,556,8,#B6E880
36.15381,10.277714,,556,8,#B6E880
36.101807,10.2996855,,556,8,#B6E880
36.136967,10.341297,,556,8,#B6E880
36.10273,10.260272,,556,8,#B6E880
36.00154,10.412736,,556,8,#B6E880
21.693071,25.410204,,558,1,#FF97FF
21.606703,25.428284,,558,1,#FF97FF
21.621843,25.552065,,558,1,#FF97FF
21.640871,25.590305,,558,1,#FF97FF
21.572985,25.45838,,558,1,#FF97FF
21.614067,25.455395,,558,1,#FF97FF
21.596403,25.459957,,558,1,#FF97FF
34.490517,-24.449871,,558,2,#FF97FF
34.494743,-24.442797,,558,2,#FF97FF
34.48087,-24.450613,,558,2,#FF97FF
34.493248,-24.441896,,558,2,#FF97FF
34.49409,-24.440449,,558,2,#FF97FF
34.49388,-24.440062,,558,2,#FF97FF
16.545551,0.17308693,,558,3,#FF97FF
16.543846,0.18944827,,558,3,#FF97FF
16.534447,0.178519,,558,3,#FF97FF
16.537273,0.21847184,,558,3,#FF97FF
16.524828,0.21374081,,558,3,#FF97FF
16.522333,0.21783629,,558,3,#FF97FF
22.061441,9.866477,,558,4,#FF97FF
22.04719,9.883973,,558,4,#FF97FF
22.116537,10.117215,,558,4,#FF97FF
22.202394,10.092518,,558,4,#FF97FF
22.317484,10.01604,,558,4,#FF97FF
22.266886,9.916633,,558,4,#FF97FF
19.002054,20.130215,,558,5,#FF97FF
19.085875,20.246763,,558,5,#FF97FF
19.05228,20.252247,,558,5,#FF97FF
18.986277,20.094595,,558,5,#FF97FF
19.048315,20.174654,,558,5,#FF97FF
18.961777,20.121698,,558,5,#FF97FF
18.760614,20.047043,,558,5,#FF97FF
17.79784,8.780655,,558,6,#FF97FF
17.7753,8.789181,,558,6,#FF97FF
17.718004,8.827817,,558,6,#FF97FF
17.755264,8.817539,,558,6,#FF97FF
17.634222,8.820415,,558,6,#FF97FF
17.62091,8.814732,,558,6,#FF97FF
20.160816,8.017829,,558,7,#FF97FF
20.238934,7.939284,,558,7,#FF97FF
20.195217,7.795175,,558,7,#FF97FF
20.198793,7.854475,,558,7,#FF97FF
20.166725,7.764427,,558,7,#FF97FF
20.277885,7.877809,,558,7,#FF97FF
20.39066,17.730005,,558,8,#FF97FF
20.402946,17.687977,,558,8,#FF97FF
20.398914,17.554817,,558,8,#FF97FF
20.402328,17.663326,,558,8,#FF97FF
20.441618,17.596663,,558,8,#FF97FF
20.424732,17.616718,,558,8,#FF97FF
-8.809151,72.045845,,560,1,#FECB52
-8.807994,72.05146,,560,1,#FECB52
-8.790178,72.06867,,560,1,#FECB52
-8.801297,72.05152,,560,1,#FECB52
-8.796756,72.04659,,560,1,#FECB52
-8.78361,72.08063,,560,1,#FECB52
-8.807341,72.107666,,560,1,#FECB52
-4.0045023,75.45378,,560,2,#FECB52
-4.0007777,75.445656,,560,2,#FECB52
-3.996067,75.43377,,560,2,#FECB52
-3.9902277,75.41145,,560,2,#FECB52
-4.0235295,75.47655,,560,2,#FECB52
-4.034393,75.505035,,560,2,#FECB52
-8.356346,78.17708,,560,3,#FECB52
-8.352043,78.271645,,560,3,#FECB52
-8.4390545,78.23689,,560,3,#FECB52
-8.557695,78.14549,,560,3,#FECB52
-8.528149,78.40758,,560,3,#FECB52
-8.505204,78.28714,,560,3,#FECB52
-7.482857,75.944305,,560,5,#FECB52
-7.4015927,76.05161,,560,5,#FECB52
-7.4180193,76.02683,,560,5,#FECB52
-7.465778,76.03338,,560,5,#FECB52
-7.4402747,76.13581,,560,5,#FECB52
-7.5283895,76.26373,,560,5,#FECB52
-5.5648274,77.33869,,560,6,#FECB52
-5.6526103,77.33549,,560,6,#FECB52
-5.8383756,77.55765,,560,6,#FECB52
-5.917811,77.439384,,560,6,#FECB52
-5.86582,77.32181,,560,6,#FECB52
-5.8639917,77.734856,,560,6,#FECB52
-5.867185,77.735306,,560,6,#FECB52
-4.103335,78.95097,,560,7,#FECB52
-4.0632396,78.96766,,560,7,#FECB52
-4.0562587,79.02015,,560,7,#FECB52
-4.06045,79.052734,,560,7,#FECB52
-4.066629,79.04986,,560,7,#FECB52
-4.0284986,79.066376,,560,7,#FECB52
-9.891399,76.55316,,560,8,#FECB52
-10.00766,76.47087,,560,8,#FECB52
-10.085895,76.35917,,560,8,#FECB52
-10.179978,76.555176,,560,8,#FECB52
-10.117725,76.51123,,560,8,#FECB52
-10.135483,76.56113,,560,8,#FECB52
22.335083,23.402523,,562,1,#636EFA
22.198849,23.240162,,562,1,#636EFA
22.22988,23.12059,,562,1,#636EFA
22.223354,23.235561,,562,1,#636EFA
22.261263,23.20009,,562,1,#636EFA
22.42381,23.450521,,562,1,#636EFA
22.814556,14.622376,,562,3,#636EFA
22.83021,14.655163,,562,3,#636EFA
22.843033,14.5599375,,562,3,#636EFA
22.730318,14.477729,,562,3,#636EFA
22.708666,14.506849,,562,3,#636EFA
22.696947,14.47067,,562,3,#636EFA
22.660599,14.724334,,562,3,#636EFA
22.200176,21.1144,,562,5,#636EFA
22.118702,21.111385,,562,5,#636EFA
22.155682,21.12912,,562,5,#636EFA
22.154493,21.164751,,562,5,#636EFA
22.088911,21.150436,,562,5,#636EFA
22.059896,21.041147,,562,5,#636EFA
3.5810018,-28.077255,,564,1,#EF553B
3.6044896,-28.091372,,564,1,#EF553B
3.6763682,-28.130116,,564,1,#EF553B
3.71873,-28.071375,,564,1,#EF553B
3.7428443,-28.067781,,564,1,#EF553B
3.731962,-28.024271,,564,1,#EF553B
-1.5332464,-32.32422,,564,2,#EF553B
-1.3753208,-32.368763,,564,2,#EF553B
-1.390106,-32.41097,,564,2,#EF553B
-1.3859061,-32.43249,,564,2,#EF553B
-1.3774881,-32.409325,,564,2,#EF553B
-1.4832245,-32.355026,,564,2,#EF553B
2.1168716,-31.94668,,564,4,#EF553B
2.5073347,-32.070942,,564,4,#EF553B
2.4341314,-31.99016,,564,4,#EF553B
2.324138,-31.529057,,564,4,#EF553B
2.432312,-31.504982,,564,4,#EF553B
2.650027,-31.689358,,564,4,#EF553B
2.6137333,-31.63307,,564,4,#EF553B
5.308937,-28.884241,,564,5,#EF553B
5.3532696,-28.904964,,564,5,#EF553B
5.349898,-28.961878,,564,5,#EF553B
5.290823,-29.009333,,564,5,#EF553B
5.226848,-28.9147,,564,5,#EF553B
5.3396926,-28.980797,,564,5,#EF553B
-0.47006717,-30.270788,,564,6,#EF553B
-0.402373,-30.283672,,564,6,#EF553B
-0.36768007,-30.323673,,564,6,#EF553B
-0.35327494,-30.348763,,564,6,#EF553B
-0.3994317,-30.343563,,564,6,#EF553B
-0.10594868,-30.500696,,564,6,#EF553B
-2.597043,-29.449446,,564,7,#EF553B
-2.6422052,-29.679169,,564,7,#EF553B
-2.6583939,-29.671658,,564,7,#EF553B
-2.8192778,-29.60382,,564,7,#EF553B
-2.9022138,-29.477793,,564,7,#EF553B
-2.9013026,-29.443773,,564,7,#EF553B
0.18038414,-27.415672,,564,8,#EF553B
0.11286617,-27.39146,,564,8,#EF553B
0.058722734,-27.541145,,564,8,#EF553B
0.056342114,-27.545748,,564,8,#EF553B
0.22547908,-27.65311,,564,8,#EF553B
0.24006149,-27.689686,,564,8,#EF553B
0.11940015,-27.792885,,564,8,#EF553B
-1.5222608,-41.264507,,566,1,#00CC96
-1.5381755,-41.25862,,566,1,#00CC96
-1.5494465,-41.23722,,566,1,#00CC96
-1.5375539,-41.254253,,566,1,#00CC96
-1.5618736,-41.217518,,566,1,#00CC96
-1.5559084,-41.211803,,566,1,#00CC96
-0.43607184,-50.42247,,566,2,#00CC96
-0.38078225,-50.2911,,566,2,#00CC96
-0.44760364,-50.444798,,566,2,#00CC96
-0.47626555,-50.4892,,566,2,#00CC96
-0.42938727,-50.431454,,566,2,#00CC96
-0.41110477,-50.61549,,566,2,#00CC96
4.6305304,-54.636425,,566,3,#00CC96
4.693004,-54.56551,,566,3,#00CC96
4.449118,-54.60164,,566,3,#00CC96
4.6671677,-54.710922,,566,3,#00CC96
4.545862,-54.441307,,566,3,#00CC96
4.5417643,-54.564007,,566,3,#00CC96
3.647295,-42.311954,,566,4,#00CC96
3.6471741,-42.28827,,566,4,#00CC96
3.687194,-42.08561,,566,4,#00CC96
3.6875474,-42.135693,,566,4,#00CC96
3.57422,-41.97712,,566,4,#00CC96
3.5506873,-42.032005,,566,4,#00CC96
3.4924254,-41.89405,,566,4,#00CC96
-0.56447726,-43.414677,,566,5,#00CC96
-0.5650582,-43.38766,,566,5,#00CC96
-0.60213953,-43.35485,,566,5,#00CC96
-0.6016919,-43.383877,,566,5,#00CC96
-0.5885508,-43.391052,,566,5,#00CC96
-0.6039904,-43.38329,,566,5,#00CC96
1.2218881,-47.20873,,566,6,#00CC96
1.041264,-47.41844,,566,6,#00CC96
1.2382674,-47.05849,,566,6,#00CC96
1.1977422,-47.22599,,566,6,#00CC96
1.2312485,-47.231606,,566,6,#00CC96
1.1583151,-47.12029,,566,6,#00CC96
3.7232344,-45.283524,,566,7,#00CC96
3.6481512,-45.15295,,566,7,#00CC96
3.5105007,-45.176666,,566,7,#00CC96
3.492517,-45.214657,,566,7,#00CC96
3.4136775,-45.075672,,566,7,#00CC96
3.3805466,-45.061474,,566,7,#00CC96
11.966059,-47.68037,,566,8,#00CC96
11.695705,-47.75115,,566,8,#00CC96
11.590374,-47.724373,,566,8,#00CC96
11.695401,-47.86789,,566,8,#00CC96
11.723008,-48.019012,,566,8,#00CC96
11.845014,-48.122223,,566,8,#00CC96
11.867107,-48.127987,,566,8,#00CC96
-5.578081,-33.97891,,568,1,#AB63FA
-5.5544014,-33.9396,,568,1,#AB63FA
-5.5093756,-33.9437,,568,1,#AB63FA
-5.5508657,-33.956512,,568,1,#AB63FA
-5.550391,-34.01674,,568,1,#AB63FA
-5.47965,-33.986893,,568,1,#AB63FA
6.3072767,-43.767765,,568,5,#AB63FA
6.332296,-43.73168,,568,5,#AB63FA
6.140436,-43.66509,,568,5,#AB63FA
6.083839,-43.54074,,568,5,#AB63FA
6.079835,-43.616856,,568,5,#AB63FA
6.111353,-43.49546,,568,5,#AB63FA
7.6405654,-41.186424,,568,6,#AB63FA
7.937652,-41.229866,,568,6,#AB63FA
7.750273,-41.28406,,568,6,#AB63FA
7.712404,-41.17817,,568,6,#AB63FA
7.700488,-41.159058,,568,6,#AB63FA
7.754594,-41.240917,,568,6,#AB63FA
-52.29331,18.664623,,570,1,#FFA15A
-52.346203,18.696657,,570,1,#FFA15A
-52.33771,18.658524,,570,1,#FFA15A
-52.339073,18.6676,,570,1,#FFA15A
-52.413868,19.129448,,570,1,#FFA15A
-52.355854,19.186821,,570,1,#FFA15A
-52.285805,18.884739,,570,1,#FFA15A
-61.240772,13.517785,,570,2,#FFA15A
-61.1974,13.481975,,570,2,#FFA15A
-61.21198,13.494045,,570,2,#FFA15A
-61.201828,13.46355,,570,2,#FFA15A
-61.225845,13.483996,,570,2,#FFA15A
-61.196663,13.452727,,570,2,#FFA15A
-53.47822,11.57985,,570,4,#FFA15A
-53.168835,11.510449,,570,4,#FFA15A
-52.9863,11.329632,,570,4,#FFA15A
-52.8628,11.5178385,,570,4,#FFA15A
-52.916096,11.68724,,570,4,#FFA15A
-52.927063,11.665278,,570,4,#FFA15A
-53.698944,15.65998,,570,5,#FFA15A
-53.74217,15.672418,,570,5,#FFA15A
-53.66538,15.466515,,570,5,#FFA15A
-53.67746,15.39128,,570,5,#FFA15A
-53.57497,15.452298,,570,5,#FFA15A
-53.46529,15.477775,,570,5,#FFA15A
-59.534687,11.472186,,570,6,#FFA15A
-59.601513,11.432649,,570,6,#FFA15A
-59.657677,11.389042,,570,6,#FFA15A
-59.68701,11.5619955,,570,6,#FFA15A
-59.8712,11.796939,,570,6,#FFA15A
-59.846836,11.840599,,570,6,#FFA15A
-59.780064,11.783824,,570,6,#FFA15A
-57.87518,11.890601,,570,7,#FFA15A
-57.909855,11.9005165,,570,7,#FFA15A
-57.767803,12.007366,,570,7,#FFA15A
-57.7463,12.014453,,570,7,#FFA15A
-57.739845,12.096815,,570,7,#FFA15A
-57.59242,12.086592,,570,7,#FFA15A
-50.811794,15.42021,,570,8,#FFA15A
-50.641182,15.7463255,,570,8,#FFA15A
-50.65006,15.684524,,570,8,#FFA15A
-50.874012,15.596143,,570,8,#FFA15A
-50.827442,15.605176,,570,8,#FFA15A
-50.79593,15.582757,,570,8,#FFA15A
-46.964657,24.26475,,572,1,#19D3F3
-46.976063,24.251932,,572,1,#19D3F3
-46.977966,24.254322,,572,1,#19D3F3
-46.964123,24.270536,,572,1,#19D3F3
-46.949314,24.252817,,572,1,#19D3F3
-46.932472,24.252323,,572,1,#19D3F3
-35.558384,20.381319,,572,2,#19D3F3
-35.70356,20.299675,,572,2,#19D3F3
-35.91777,20.251131,,572,2,#19D3F3
-35.988255,20.35687,,572,2,#19D3F3
-36.077316,20.386024,,572,2,#19D3F3
-36.11474,20.39243,,572,2,#19D3F3
-36.113297,20.396421,,572,2,#19D3F3
-45.219337,15.912646,,572,3,#19D3F3
-45.20174,15.90925,,572,3,#19D3F3
-45.24345,15.904981,,572,3,#19D3F3
-45.254448,15.887891,,572,3,#19D3F3
-45.24967,15.881068,,572,3,#19D3F3
-45.247566,15.8640175,,572,3,#19D3F3
-41.61099,22.824743,,572,4,#19D3F3
-41.636353,22.823364,,572,4,#19D3F3
-41.625584,22.823366,,572,4,#19D3F3
-41.652733,22.8426,,572,4,#19D3F3
-41.655678,22.83805,,572,4,#19D3F3
-41.64515,22.839256,,572,4,#19D3F3
-44.30393,25.171103,,572,5,#19D3F3
-44.144875,25.187138,,572,5,#19D3F3
-44.110394,25.182892,,572,5,#19D3F3
-44.11826,25.197182,,572,5,#19D3F3
-44.09653,25.22771,,572,5,#19D3F3
-43.944202,25.387413,,572,5,#19D3F3
-40.630287,27.564693,,572,6,#19D3F3
-40.69674,27.826117,,572,6,#19D3F3
-40.700577,27.778482,,572,6,#19D3F3
-40.659557,27.711468,,572,6,#19D3F3
-40.640053,27.757566,,572,6,#19D3F3
-40.703754,27.832462,,572,6,#19D3F3
-40.62367,27.746307,,572,6,#19D3F3
-38.754055,23.1492,,572,7,#19D3F3
-38.6898,23.123686,,572,7,#19D3F3
-38.727192,23.23863,,572,7,#19D3F3
-38.74402,23.192944,,572,7,#19D3F3
-38.72061,23.257885,,572,7,#19D3F3
-38.729733,23.144371,,572,7,#19D3F3
-37.78578,26.142662,,572,8,#19D3F3
-37.760223,26.28416,,572,8,#19D3F3
-37.80288,26.394146,,572,8,#19D3F3
-37.75427,26.430706,,572,8,#19D3F3
-37.783936,26.400984,,572,8,#19D3F3
-37.714474,26.33542,,572,8,#19D3F3
-21.11424,56.356087,,574,1,#FF6692
-21.122643,56.372578,,574,1,#FF6692
-21.110828,56.426277,,574,1,#FF6692
-21.105614,56.424515,,574,1,#FF6692
-21.098742,56.416134,,574,1,#FF6692
-21.111965,56.402733,,574,1,#FF6692
-17.523537,60.36223,,574,2,#FF6692
-17.552486,60.0823,,574,2,#FF6692
-17.45313,60.02759,,574,2,#FF6692
-17.36797,60.056698,,574,2,#FF6692
-17.352444,60.054523,,574,2,#FF6692
-17.322655,60.100098,,574,2,#FF6692
-17.297972,60.12248,,574,2,#FF6692
-18.959063,63.843502,,574,3,#FF6692
-18.923903,63.841972,,574,3,#FF6692
-18.842667,63.871426,,574,3,#FF6692
-18.87803,63.92909,,574,3,#FF6692
-18.867252,63.957386,,574,3,#FF6692
-18.824093,63.922665,,574,3,#FF6692
-19.126785,65.3999,,574,4,#FF6692
-19.089579,65.38148,,574,4,#FF6692
-18.937912,65.40788,,574,4,#FF6692
-18.749956,65.2987,,574,4,#FF6692
-18.72267,65.25158,,574,4,#FF6692
-18.702345,65.28469,,574,4,#FF6692
-21.018398,62.03319,,574,5,#FF6692
-21.02104,62.061127,,574,5,#FF6692
-21.022074,62.07851,,574,5,#FF6692
-21.01504,62.090733,,574,5,#FF6692
-21.003244,62.083286,,574,5,#FF6692
-21.001755,62.091293,,574,5,#FF6692
-16.598421,62.671555,,574,6,#FF6692
-16.602636,62.6762,,574,6,#FF6692
-16.574135,62.662075,,574,6,#FF6692
-16.62037,62.704006,,574,6,#FF6692
-16.826824,62.926777,,574,6,#FF6692
-16.823648,62.93146,,574,6,#FF6692
-16.869558,62.96317,,574,6,#FF6692
-22.063791,64.01381,,574,8,#FF6692
-22.022612,63.95616,,574,8,#FF6692
-22.032389,63.94259,,574,8,#FF6692
-22.226675,63.892014,,574,8,#FF6692
-22.212954,63.875683,,574,8,#FF6692
-22.290575,63.95869,,574,8,#FF6692
-32.932854,-43.489315,,576,1,#B6E880
-32.899998,-43.563805,,576,1,#B6E880
-32.741745,-43.606422,,576,1,#B6E880
-32.69011,-43.58328,,576,1,#B6E880
-32.593254,-43.633266,,576,1,#B6E880
-32.616173,-43.59628,,576,1,#B6E880
-38.70632,-49.202553,,576,2,#B6E880
-38.931046,-49.06125,,576,2,#B6E880
-38.847164,-49.154076,,576,2,#B6E880
-38.845448,-49.251892,,576,2,#B6E880
-38.889286,-49.26263,,576,2,#B6E880
-38.976086,-49.111927,,576,2,#B6E880
-31.441494,-48.02382,,576,3,#B6E880
-31.409256,-47.788208,,576,3,#B6E880
-31.317251,-47.980274,,576,3,#B6E880
-31.506119,-47.85436,,576,3,#B6E880
-31.628544,-47.55667,,576,3,#B6E880
-31.781395,-47.551823,,576,3,#B6E880
-31.768559,-47.48731,,576,3,#B6E880
-32.065086,-49.879505,,576,4,#B6E880
-32.440838,-49.816772,,576,4,#B6E880
-32.407707,-49.83868,,576,4,#B6E880
-32.389538,-49.769962,,576,4,#B6E880
-32.12481,-49.533222,,576,4,#B6E880
-32.197857,-49.696148,,576,4,#B6E880
-34.425438,-45.81643,,576,5,#B6E880
-34.46552,-45.832848,,576,5,#B6E880
-34.38516,-45.717663,,576,5,#B6E880
-34.37887,-45.71567,,576,5,#B6E880
-34.377098,-45.73728,,576,5,#B6E880
-34.299847,-45.70946,,576,5,#B6E880
-36.130272,-48.350334,,576,6,#B6E880
-36.372974,-48.524513,,576,6,#B6E880
-36.4879,-48.59448,,576,6,#B6E880
-36.326534,-48.5191,,576,6,#B6E880
-36.355686,-48.4494,,576,6,#B6E880
-36.42043,-48.533592,,576,6,#B6E880
-37.4855,-52.311855,,576,7,#B6E880
-37.26332,-51.98082,,576,7,#B6E880
-37.139343,-51.77182,,576,7,#B6E880
-37.330807,-51.510246,,576,7,#B6E880
-37.498413,-51.597652,,576,7,#B6E880
-37.703476,-51.67958,,576,7,#B6E880
-37.705914,-51.762592,,576,7,#B6E880
43.676563,19.97596,,578,1,#FF97FF
43.70634,19.927896,,578,1,#FF97FF
43.57802,19.987381,,578,1,#FF97FF
43.596558,20.001678,,578,1,#FF97FF
43.613922,19.987818,,578,1,#FF97FF
43.656815,19.974989,,578,1,#FF97FF
53.042313,17.059864,,578,2,#FF97FF
53.01706,17.040205,,578,2,#FF97FF
52.945404,17.011702,,578,2,#FF97FF
52.860523,16.975971,,578,2,#FF97FF
52.58612,16.832157,,578,2,#FF97FF
52.896015,17.00713,,578,2,#FF97FF
33.885254,15.461192,,578,3,#FF97FF
33.807064,15.539064,,578,3,#FF97FF
33.80923,15.583519,,578,3,#FF97FF
33.75221,15.643939,,578,3,#FF97FF
33.82744,15.557381,,578,3,#FF97FF
33.74825,15.545688,,578,3,#FF97FF
19.712599,-5.9096136,,578,4,#FF97FF
19.756792,-5.8937993,,578,4,#FF97FF
19.706545,-5.872582,,578,4,#FF97FF
19.790527,-5.7139864,,578,4,#FF97FF
19.87438,-5.560774,,578,4,#FF97FF
19.924583,-5.561791,,578,4,#FF97FF
19.835918,-5.6563044,,578,4,#FF97FF
36.16681,18.601871,,578,5,#FF97FF
35.9708,18.597946,,578,5,#FF97FF
36.04406,18.639404,,578,5,#FF97FF
36.29268,19.12722,,578,5,#FF97FF
36.409916,19.202303,,578,5,#FF97FF
36.356144,19.035831,,578,5,#FF97FF
36.076145,15.097426,,578,6,#FF97FF
36.035294,15.038905,,578,6,#FF97FF
35.92853,15.026292,,578,6,#FF97FF
36.027596,15.065834,,578,6,#FF97FF
35.644993,14.9884205,,578,6,#FF97FF
35.554558,15.061808,,578,6,#FF97FF
51.218426,21.489336,,578,7,#FF97FF
51.08424,21.163778,,578,7,#FF97FF
51.22782,21.15465,,578,7,#FF97FF
51.441475,21.19705,,578,7,#FF97FF
51.525482,21.357128,,578,7,#FF97FF
51.274925,21.436317,,578,7,#FF97FF
41.285366,17.956165,,578,8,#FF97FF
41.249397,17.913128,,578,8,#FF97FF
40.92393,17.640448,,578,8,#FF97FF
40.850372,17.59494,,578,8,#FF97FF
40.722443,17.559502,,578,8,#FF97FF
40.643517,17.447695,,578,8,#FF97FF
40.763283,17.507341,,578,8,#FF97FF
-36.249603,6.220771,,580,1,#FECB52
-36.278233,6.191656,,580,1,#FECB52
-36.216057,6.217272,,580,1,#FECB52
-36.280373,6.2134223,,580,1,#FECB52
-36.296165,6.1974754,,580,1,#FECB52
-36.223454,6.280677,,580,1,#FECB52
-27.037935,13.626636,,580,2,#FECB52
-26.93791,13.655634,,580,2,#FECB52
-27.135902,13.605246,,580,2,#FECB52
-27.144444,13.681355,,580,2,#FECB52
-27.274084,13.7315,,580,2,#FECB52
-27.368744,13.621659,,580,2,#FECB52
-26.583939,4.3385267,,580,3,#FECB52
-26.534307,4.3976507,,580,3,#FECB52
-26.551306,4.4365273,,580,3,#FECB52
-26.522654,4.472779,,580,3,#FECB52
-26.674866,4.444407,,580,3,#FECB52
-26.630192,4.4203987,,580,3,#FECB52
-34.171467,9.368442,,580,4,#FECB52
-34.134132,9.4420185,,580,4,#FECB52
-33.84685,9.7222,,580,4,#FECB52
-34.250908,9.8381605,,580,4,#FECB52
-34.136127,10.008075,,580,4,#FECB52
-34.13319,10.153297,,580,4,#FECB52
-33.824013,10.079514,,580,4,#FECB52
-31.493912,13.589791,,580,5,#FECB52
-31.547663,13.582399,,580,5,#FECB52
-31.536867,13.639925,,580,5,#FECB52
-31.550177,13.746542,,580,5,#FECB52
-31.559769,13.66631,,580,5,#FECB52
-31.545523,13.535363,,580,5,#FECB52
-30.378933,10.631026,,580,6,#FECB52
-30.498713,10.442644,,580,6,#FECB52
-30.41615,10.464563,,580,6,#FECB52
-30.43147,10.533231,,580,6,#FECB52
-30.411596,10.674014,,580,6,#FECB52
-30.415525,10.67783,,580,6,#FECB52
-29.328104,7.6628165,,580,7,#FECB52
-29.334885,7.6649714,,580,7,#FECB52
-29.340874,7.6787176,,580,7,#FECB52
-29.337694,7.689654,,580,7,#FECB52
-29.314222,7.6914463,,580,7,#FECB52
-29.293732,7.8483205,,580,7,#FECB52
-32.532066,6.985566,,580,8,#FECB52
-32.801956,6.509604,,580,8,#FECB52
-32.59636,6.5635104,,580,8,#FECB52
-32.631035,6.4797034,,580,8,#FECB52
-32.22759,6.939109,,580,8,#FECB52
-32.20749,6.7207265,,580,8,#FECB52
-32.09483,6.927878,,580,8,#FECB52
-20.802187,-4.5238857,,582,1,#636EFA
-20.741795,-4.5914035,,582,1,#636EFA
-20.820541,-4.4945226,,582,1,#636EFA
-20.881725,-4.3985357,,582,1,#636EFA
-20.876333,-4.3983393,,582,1,#636EFA
-20.87221,-4.4018407,,582,1,#636EFA
-6.6107936,-8.340431,,582,2,#636EFA
-6.4515185,-8.448724,,582,2,#636EFA
-6.3320436,-8.503439,,582,2,#636EFA
-6.2642612,-8.440074,,582,2,#636EFA
-6.0296793,-8.409533,,582,2,#636EFA
-6.0214186,-8.401444,,582,2,#636EFA
1.3493319,-11.299101,,582,3,#636EFA
1.2983313,-11.297949,,582,3,#636EFA
1.2721195,-11.293035,,582,3,#636EFA
1.2826471,-11.28142,,582,3,#636EFA
1.2687985,-11.292672,,582,3,#636EFA
1.2821196,-11.302431,,582,3,#636EFA
-1.6837474,-13.898205,,582,4,#636EFA
-1.4423937,-13.837352,,582,4,#636EFA
-1.4808334,-13.886767,,582,4,#636EFA
-1.3485171,-13.921832,,582,4,#636EFA
-1.3394799,-13.844231,,582,4,#636EFA
-1.4569869,-13.831791,,582,4,#636EFA
-1.6888012,-13.68344,,582,4,#636EFA
0.19541885,-8.757143,,582,5,#636EFA
0.16237094,-8.784217,,582,5,#636EFA
0.121959455,-8.771544,,582,5,#636EFA
0.13041294,-8.78792,,582,5,#636EFA
0.15355736,-8.769569,,582,5,#636EFA
0.11468361,-8.708793,,582,5,#636EFA
-2.4590008,-8.430449,,582,6,#636EFA
-2.4182434,-8.423045,,582,6,#636EFA
-2.4723642,-8.451744,,582,6,#636EFA
-2.513863,-8.441244,,582,6,#636EFA
-2.6063457,-8.329978,,582,6,#636EFA
-2.641137,-8.31403,,582,6,#636EFA
-3.7112265,-11.1763315,,582,7,#636EFA
-3.7694306,-11.143748,,582,7,#636EFA
-3.655239,-11.1687,,582,7,#636EFA
-3.752059,-11.1177,,582,7,#636EFA
-3.7972865,-11.125166,,582,7,#636EFA
-3.7770963,-11.109976,,582,7,#636EFA
-1.6287601,-11.922201,,582,8,#636EFA
-1.6810329,-11.7477865,,582,8,#636EFA
-1.3858954,-11.786251,,582,8,#636EFA
-1.510443,-11.892951,,582,8,#636EFA
-1.4073561,-11.80647,,582,8,#636EFA
-1.3046544,-11.667071,,582,8,#636EFA
-1.3467193,-11.775633,,582,8,#636EFA
16.45401,29.069046,,584,1,#EF553B
16.452023,29.044981,,584,1,#EF553B
16.44384,29.061602,,584,1,#EF553B
16.475159,29.043388,,584,1,#EF553B
16.49573,29.04606,,584,1,#EF553B
16.480637,29.046444,,584,1,#EF553B
12.883802,10.450277,,584,2,#EF553B
12.888119,10.460821,,584,2,#EF553B
12.826785,10.601489,,584,2,#EF553B
12.954634,10.347684,,584,2,#EF553B
12.9573,10.326914,,584,2,#EF553B
12.999185,10.298306,,584,2,#EF553B
23.857191,5.721289,,584,3,#EF553B
23.832775,5.7305584,,584,3,#EF553B
23.81185,5.777277,,584,3,#EF553B
23.83743,5.77817,,584,3,#EF553B
23.857685,5.7674584,,584,3,#EF553B
23.834982,5.7796273,,584,3,#EF553B
6.8144007,-0.24574189,,584,4,#EF553B
6.812043,-0.25756493,,584,4,#EF553B
6.817951,-0.276419,,584,4,#EF553B
6.8149743,-0.2754501,,584,4,#EF553B
6.7939034,-0.27460322,,584,4,#EF553B
6.777924,-0.27495065,,584,4,#EF553B
6.791131,-0.27932593,,584,4,#EF553B
31.900234,18.075253,,584,5,#EF553B
31.938587,18.075962,,584,5,#EF553B
32.046608,18.045235,,584,5,#EF553B
32.00383,18.012163,,584,5,#EF553B
31.9715,18.033869,,584,5,#EF553B
32.02928,18.054766,,584,5,#EF553B
14.062649,8.202256,,584,6,#EF553B
13.723378,8.34396,,584,6,#EF553B
13.768245,8.257557,,584,6,#EF553B
13.753431,8.17026,,584,6,#EF553B
13.719373,8.176661,,584,6,#EF553B
13.74517,8.150286,,584,6,#EF553B
10.649805,7.9531307,,584,7,#EF553B
10.7293,7.97757,,584,7,#EF553B
10.877167,8.043688,,584,7,#EF553B
10.907668,8.063842,,584,7,#EF553B
10.9897585,8.084698,,584,7,#EF553B
11.116709,8.09913,,584,7,#EF553B
15.74218,14.116974,,584,8,#EF553B
15.702175,14.146985,,584,8,#EF553B
15.859734,14.194624,,584,8,#EF553B
16.092478,14.380869,,584,8,#EF553B
16.144499,14.240905,,584,8,#EF553B
16.160486,14.271623,,584,8,#EF553B
15.943592,14.4996,,584,8,#EF553B
45.036606,-4.358817,,586,1,#00CC96
45.019608,-4.374496,,586,1,#00CC96
44.999798,-4.3712454,,586,1,#00CC96
45.051853,-4.02856,,586,1,#00CC96
45.06866,-4.036368,,586,1,#00CC96
45.06879,-4.0361285,,586,1,#00CC96
39.917614,2.3577526,,586,2,#00CC96
39.84138,2.356487,,586,2,#00CC96
39.905884,2.3488822,,586,2,#00CC96
39.87846,2.3471818,,586,2,#00CC96
39.80504,2.2769077,,586,2,#00CC96
39.821033,2.2690413,,586,2,#00CC96
47.81184,-0.9377776,,586,3,#00CC96
47.733093,-0.903798,,586,3,#00CC96
47.758965,-0.86140776,,586,3,#00CC96
47.74818,-0.88037324,,586,3,#00CC96
47.73817,-0.8491241,,586,3,#00CC96
47.7972,-0.9427375,,586,3,#00CC96
49.9626,0.40280136,,586,4,#00CC96
50.03989,0.39696792,,586,4,#00CC96
50.061413,0.4140343,,586,4,#00CC96
49.961365,0.3359606,,586,4,#00CC96
49.827827,0.37624964,,586,4,#00CC96
49.869682,0.38180774,,586,4,#00CC96
49.810318,0.3856245,,586,4,#00CC96
45.175426,0.49547035,,586,5,#00CC96
45.225143,0.36883646,,586,5,#00CC96
45.329304,0.36067057,,586,5,#00CC96
45.185238,0.5159457,,586,5,#00CC96
44.90104,0.44214454,,586,5,#00CC96
44.802288,0.23679516,,586,5,#00CC96
45.031452,4.599061,,586,6,#00CC96
45.09464,4.4571624,,586,6,#00CC96
45.07751,4.3925943,,586,6,#00CC96
45.526882,4.2591567,,586,6,#00CC96
45.35638,4.271108,,586,6,#00CC96
45.29295,4.2137403,,586,6,#00CC96
48.570343,5.1677194,,586,7,#00CC96
48.484253,5.1334023,,586,7,#00CC96
48.411877,5.147085,,586,7,#00CC96
48.50271,5.13782,,586,7,#00CC96
48.383175,5.124036,,586,7,#00CC96
48.38376,5.117426,,586,7,#00CC96
47.39734,1.7635934,,586,8,#00CC96
47.319653,1.7324668,,586,8,#00CC96
47.297527,1.7163559,,586,8,#00CC96
47.263527,1.7005601,,586,8,#00CC96
47.37097,1.8174142,,586,8,#00CC96
47.37828,1.8516784,,586,8,#00CC96
47.43343,1.8403912,,586,8,#00CC96
-57.50488,-4.7321587,,588,1,#AB63FA
-57.391857,-4.577605,,588,1,#AB63FA
-57.468784,-4.3918543,,588,1,#AB63FA
-57.648056,-4.344303,,588,1,#AB63FA
-57.82992,-4.478028,,588,1,#AB63FA
-57.815475,-4.593085,,588,1,#AB63FA
-57.277386,-9.0220785,,588,2,#AB63FA
-57.15288,-9.088555,,588,2,#AB63FA
-56.963955,-8.659542,,588,2,#AB63FA
-57.038994,-8.624543,,588,2,#AB63FA
-57.03902,-8.627644,,588,2,#AB63FA
-57.210648,-8.559359,,588,2,#AB63FA
-49.11974,-8.017396,,588,3,#AB63FA
-49.102352,-8.006104,,588,3,#AB63FA
-49.201714,-8.113345,,588,3,#AB63FA
-48.98526,-8.064404,,588,3,#AB63FA
-49.03512,-8.032287,,588,3,#AB63FA
-49.04263,-8.042763,,588,3,#AB63FA
-50.559864,-8.176299,,588,4,#AB63FA
-50.683388,-8.114929,,588,4,#AB63FA
-50.45394,-8.305764,,588,4,#AB63FA
-50.59156,-8.716477,,588,4,#AB63FA
-50.87205,-8.507033,,588,4,#AB63FA
-50.58143,-8.708526,,588,4,#AB63FA
-50.687923,-8.528821,,588,4,#AB63FA
-53.750034,-4.351739,,588,5,#AB63FA
-53.749043,-4.2850704,,588,5,#AB63FA
-53.87,-4.303964,,588,5,#AB63FA
-53.916195,-4.225126,,588,5,#AB63FA
-53.845917,-4.3166265,,588,5,#AB63FA
-53.89904,-4.195533,,588,5,#AB63FA
-51.53065,-4.556231,,588,6,#AB63FA
-51.50084,-4.597462,,588,6,#AB63FA
-51.479927,-4.5821457,,588,6,#AB63FA
-51.467945,-4.5177555,,588,6,#AB63FA
-51.4976,-4.377151,,588,6,#AB63FA
-51.54519,-4.4248095,,588,6,#AB63FA
-54.62855,-2.0260656,,588,7,#AB63FA
-54.627426,-2.0523899,,588,7,#AB63FA
-54.584976,-2.122942,,588,7,#AB63FA
-54.736477,-2.462646,,588,7,#AB63FA
-54.63544,-2.4195077,,588,7,#AB63FA
-54.708103,-2.3605857,,588,7,#AB63FA
-51.08842,-1.2063001,,588,8,#AB63FA
-51.189133,-1.1390095,,588,8,#AB63FA
-51.325405,-1.493641,,588,8,#AB63FA
-51.566406,-1.2750571,,588,8,#AB63FA
-51.18405,-1.5166862,,588,8,#AB63FA
-51.503216,-1.1855607,,588,8,#AB63FA
-51.65733,-1.5879483,,588,8,#AB63FA
-62.601807,21.841719,,590,1,#FFA15A
-62.581875,21.919127,,590,1,#FFA15A
-62.566505,21.955307,,590,1,#FFA15A
-62.71633,22.179771,,590,1,#FFA15A
-62.739502,22.15218,,590,1,#FFA15A
-62.86881,22.10189,,590,1,#FFA15A
-59.823917,25.018713,,590,2,#FFA15A
-59.75434,24.983778,,590,2,#FFA15A
-59.58703,25.1374,,590,2,#FFA15A
-59.402863,25.19534,,590,2,#FFA15A
-59.436687,25.182425,,590,2,#FFA15A
-59.393703,25.38647,,590,2,#FFA15A
-67.30085,26.236336,,590,4,#FFA15A
-67.161476,26.108917,,590,4,#FFA15A
-67.31831,25.904243,,590,4,#FFA15A
-67.40309,26.048422,,590,4,#FFA15A
-67.41201,26.075315,,590,4,#FFA15A
-67.54853,25.681171,,590,4,#FFA15A
-64.57412,22.076797,,590,5,#FFA15A
-64.69455,22.056295,,590,5,#FFA15A
-64.847374,22.000565,,590,5,#FFA15A
-65.01779,21.830881,,590,5,#FFA15A
-65.03746,21.766111,,590,5,#FFA15A
-65.02915,21.80617,,590,5,#FFA15A
-65.05836,21.778118,,590,5,#FFA15A
-60.97128,28.305565,,590,6,#FFA15A
-61.045406,28.290333,,590,6,#FFA15A
-61.11532,28.262255,,590,6,#FFA15A
-61.37343,28.15768,,590,6,#FFA15A
-61.397274,28.100992,,590,6,#FFA15A
-61.432835,28.119564,,590,6,#FFA15A
-62.92523,27.620228,,590,7,#FFA15A
-63.08101,27.582844,,590,7,#FFA15A
-63.163605,27.57168,,590,7,#FFA15A
-63.034077,27.610186,,590,7,#FFA15A
-63.09195,27.583113,,590,7,#FFA15A
-63.099876,27.59079,,590,7,#FFA15A
-64.82416,24.703157,,590,8,#FFA15A
-64.81592,24.680038,,590,8,#FFA15A
-64.605995,24.747131,,590,8,#FFA15A
-64.49031,24.847208,,590,8,#FFA15A
-64.49692,24.77788,,590,8,#FFA15A
-64.539406,24.72704,,590,8,#FFA15A
-7.0245385,58.839424,,592,1,#19D3F3
-7.035559,58.94202,,592,1,#19D3F3
-7.0985565,58.83264,,592,1,#19D3F3
-7.137626,58.846245,,592,1,#19D3F3
-7.1025743,58.85777,,592,1,#19D3F3
-7.0994215,58.888577,,592,1,#19D3F3
-7.0598693,58.912975,,592,1,#19D3F3
-4.526531,60.945446,,592,2,#19D3F3
-4.514657,60.961876,,592,2,#19D3F3
-4.5154176,60.965565,,592,2,#19D3F3
-4.5058794,60.969807,,592,2,#19D3F3
-4.409168,61.031033,,592,2,#19D3F3
-4.382127,61.059444,,592,2,#19D3F3
-4.4896326,70.391556,,592,3,#19D3F3
-4.528862,70.398056,,592,3,#19D3F3
-4.513742,70.401436,,592,3,#19D3F3
-4.496068,70.37742,,592,3,#19D3F3
-4.523462,70.45099,,592,3,#19D3F3
-4.483477,70.453545,,592,3,#19D3F3
-9.883712,63.21952,,592,5,#19D3F3
-9.947767,63.225857,,592,5,#19D3F3
-9.933896,63.257366,,592,5,#19D3F3
-9.894482,63.322052,,592,5,#19D3F3
-9.953627,63.325977,,592,5,#19D3F3
-9.956466,63.304916,,592,5,#19D3F3
-0.11122576,64.757095,,592,6,#19D3F3
-0.11313803,64.79949,,592,6,#19D3F3
-0.038175866,64.82947,,592,6,#19D3F3
-0.009494404,64.83449,,592,6,#19D3F3
-0.0134730665,64.85117,,592,6,#19D3F3
0.024336727,64.89073,,592,6,#19D3F3
0.018669374,64.89216,,592,6,#19D3F3
-1.6669965,63.164608,,592,7,#19D3F3
-1.5462111,63.35318,,592,7,#19D3F3
-1.7452047,63.25647,,592,7,#19D3F3
-1.7727058,63.205055,,592,7,#19D3F3
-1.7339265,63.231464,,592,7,#19D3F3
-1.772522,63.201374,,592,7,#19D3F3
11.202409,33.53077,,594,1,#FF6692
11.174275,33.542274,,594,1,#FF6692
11.031755,33.826817,,594,1,#FF6692
10.98116,33.773926,,594,1,#FF6692
10.873872,33.865086,,594,1,#FF6692
10.850897,33.884342,,594,1,#FF6692
8.863518,35.996178,,594,2,#FF6692
8.75167,35.88792,,594,2,#FF6692
8.684087,35.829872,,594,2,#FF6692
8.588682,35.79959,,594,2,#FF6692
8.531094,36.00421,,594,2,#FF6692
8.535616,36.042553,,594,2,#FF6692
13.20695,40.162796,,594,3,#FF6692
13.280486,39.94335,,594,3,#FF6692
13.216855,40.01246,,594,3,#FF6692
13.382293,40.248806,,594,3,#FF6692
13.490553,39.987408,,594,3,#FF6692
13.5179205,40.196537,,594,3,#FF6692
13.559884,40.124878,,594,3,#FF6692
11.207765,43.218475,,594,5,#FF6692
11.206083,43.122974,,594,5,#FF6692
11.175392,43.072968,,594,5,#FF6692
11.195372,43.038914,,594,5,#FF6692
11.193731,43.27328,,594,5,#FF6692
11.074328,42.97894,,594,5,#FF6692
9.931684,38.37351,,594,6,#FF6692
9.86482,38.328876,,594,6,#FF6692
9.827819,38.219143,,594,6,#FF6692
9.932099,38.173946,,594,6,#FF6692
9.9246645,38.245815,,594,6,#FF6692
9.9303465,38.269474,,594,6,#FF6692
5.6745195,39.002438,,594,7,#FF6692
5.722045,38.988556,,594,7,#FF6692
5.658757,38.958817,,594,7,#FF6692
5.7032766,38.953976,,594,7,#FF6692
5.743771,38.972805,,594,7,#FF6692
5.766189,38.88734,,594,7,#FF6692
4.138883,35.87721,,594,8,#FF6692
4.1373215,35.927597,,594,8,#FF6692
4.213757,36.17837,,594,8,#FF6692
4.7098255,36.037838,,594,8,#FF6692
4.4117527,36.328133,,594,8,#FF6692
4.7339735,35.995712,,594,8,#FF6692
4.7563434,35.958996,,594,8,#FF6692
-3.6689339,27.659473,,596,1,#B6E880
-3.8967042,27.566753,,596,1,#B6E880
-3.8606913,27.557032,,596,1,#B6E880
-3.8762395,27.568613,,596,1,#B6E880
-3.7753105,27.595827,,596,1,#B6E880
-3.7023292,27.64919,,596,1,#B6E880
41.113735,26.1797,,596,2,#B6E880
41.2647,26.118225,,596,2,#B6E880
41.31232,26.082882,,596,2,#B6E880
41.40443,25.998343,,596,2,#B6E880
41.381023,26.006535,,596,2,#B6E880
41.43005,25.998367,,596,2,#B6E880
1.7210423,25.73484,,596,3,#B6E880
1.7416627,25.765856,,596,3,#B6E880
1.7905543,25.798792,,596,3,#B6E880
1.7239101,25.666151,,596,3,#B6E880
1.7569715,25.690422,,596,3,#B6E880
1.8011183,25.771475,,596,3,#B6E880
4.838998,25.802944,,596,4,#B6E880
4.78283,25.879608,,596,4,#B6E880
4.8480196,26.04992,,596,4,#B6E880
5.0103674,26.141798,,596,4,#B6E880
5.0184855,26.16322,,596,4,#B6E880
4.9122734,26.079124,,596,4,#B6E880
4.813258,26.093342,,596,4,#B6E880
-0.4407738,30.074924,,596,5,#B6E880
-0.45612544,30.027102,,596,5,#B6E880
-0.50840104,30.137125,,596,5,#B6E880
-0.5037566,30.079794,,596,5,#B6E880
-0.432302,29.977383,,596,5,#B6E880
-0.47348717,30.0272,,596,5,#B6E880
1.972203,29.65257,,596,6,#B6E880
1.986708,29.621946,,596,6,#B6E880
1.9652691,29.705702,,596,6,#B6E880
1.9328592,29.906986,,596,6,#B6E880
1.8490722,29.823727,,596,6,#B6E880
1.950329,29.781736,,596,6,#B6E880
0.27678627,27.525753,,596,7,#B6E880
0.33637768,27.465944,,596,7,#B6E880
0.33654666,27.43818,,596,7,#B6E880
0.32077488,27.430195,,596,7,#B6E880
0.33561265,27.46748,,596,7,#B6E880
0.29424697,27.507092,,596,7,#B6E880
4.6269436,28.62513,,596,8,#B6E880
4.545619,28.605171,,596,8,#B6E880
4.518039,28.666683,,596,8,#B6E880
4.5242057,28.73251,,596,8,#B6E880
4.607406,28.648928,,596,8,#B6E880
4.501129,28.494991,,596,8,#B6E880
4.4383535,28.540194,,596,8,#B6E880
-8.927074,56.224567,,598,1,#FF97FF
-9.06015,56.33754,,598,1,#FF97FF
-9.136961,56.35892,,598,1,#FF97FF
-9.228009,56.4404,,598,1,#FF97FF
-9.184453,56.428875,,598,1,#FF97FF
-9.291694,56.442738,,598,1,#FF97FF
-1.1460474,54.58583,,598,2,#FF97FF
-1.0669137,54.749653,,598,2,#FF97FF
-1.2162285,55.129852,,598,2,#FF97FF
-1.3658354,54.633522,,598,2,#FF97FF
-1.369651,54.749603,,598,2,#FF97FF
-1.0763028,54.779354,,598,2,#FF97FF
-13.547258,56.615177,,598,3,#FF97FF
-13.499353,56.60762,,598,3,#FF97FF
-13.471157,56.607395,,598,3,#FF97FF
-13.492366,56.594635,,598,3,#FF97FF
-13.532419,56.6125,,598,3,#FF97FF
-13.484729,56.58876,,598,3,#FF97FF
-3.4903822,53.501472,,598,7,#FF97FF
-3.550915,53.312523,,598,7,#FF97FF
-3.4745095,53.428818,,598,7,#FF97FF
-3.572225,53.104965,,598,7,#FF97FF
-3.3603518,53.10209,,598,7,#FF97FF
-3.2264855,53.168842,,598,7,#FF97FF
-3.5755246,53.099564,,598,7,#FF97FF
-11.170157,56.884052,,598,8,#FF97FF
-11.119068,56.87567,,598,8,#FF97FF
-11.149372,56.86725,,598,8,#FF97FF
-11.169415,56.88333,,598,8,#FF97FF
-11.149055,56.87796,,598,8,#FF97FF
-11.138188,56.865337,,598,8,#FF97FF
-41.531483,-4.8205767,,600,1,#FECB52
-41.58086,-4.84851,,600,1,#FECB52
-41.493855,-4.8563204,,600,1,#FECB52
-41.228615,-5.126827,,600,1,#FECB52
-41.21984,-5.3098683,,600,1,#FECB52
-41.185818,-5.2839046,,600,1,#FECB52
-38.797813,-6.2746024,,600,2,#FECB52
-38.592308,-5.847154,,600,2,#FECB52
-38.525646,-5.6750603,,600,2,#FECB52
-38.632893,-5.8453884,,600,2,#FECB52
-38.488323,-5.4389663,,600,2,#FECB52
-38.627106,-5.787287,,600,2,#FECB52
-36.857487,-12.259958,,600,3,#FECB52
-36.797276,-12.356333,,600,3,#FECB52
-36.514057,-11.934134,,600,3,#FECB52
-36.398758,-12.070841,,600,3,#FECB52
-36.3885,-12.02754,,600,3,#FECB52
-36.35608,-11.976143,,600,3,#FECB52
-36.626705,-12.489425,,600,3,#FECB52
-29.473963,-10.433649,,600,4,#FECB52
-29.483019,-10.372556,,600,4,#FECB52
-29.498568,-10.459031,,600,4,#FECB52
-29.516495,-10.466324,,600,4,#FECB52
-29.426905,-10.376101,,600,4,#FECB52
-29.361126,-10.31579,,600,4,#FECB52
-37.67174,-9.41824,,600,5,#FECB52
-37.65492,-9.459732,,600,5,#FECB52
-37.70314,-9.484842,,600,5,#FECB52
-37.654278,-9.451711,,600,5,#FECB52
-37.68443,-9.533338,,600,5,#FECB52
-37.681114,-9.7099085,,600,5,#FECB52
-39.722786,-9.399189,,600,6,#FECB52
-39.761726,-9.469289,,600,6,#FECB52
-39.9144,-9.42925,,600,6,#FECB52
-39.710384,-9.496644,,600,6,#FECB52
-39.75502,-9.471216,,600,6,#FECB52
-39.993614,-9.387909,,600,6,#FECB52
-29.29673,-8.038662,,600,7,#FECB52
-29.323454,-8.007548,,600,7,#FECB52
-29.32451,-8.043749,,600,7,#FECB52
-29.289421,-8.019561,,600,7,#FECB52
-29.322697,-8.036308,,600,7,#FECB52
-29.355455,-8.0715685,,600,7,#FECB52
-29.358448,-8.030593,,600,7,#FECB52
-32.732834,-8.982762,,600,8,#FECB52
-32.74925,-9.003499,,600,8,#FECB52
-32.81425,-9.250104,,600,8,#FECB52
-32.78402,-9.315534,,600,8,#FECB52
-32.746433,-9.30868,,600,8,#FECB52
-32.648827,-9.033724,,600,8,#FECB52
